2026-09-27T14:10:08.9407000Z ##[group]Run ./gradlew assembleDebug -PreactNativeArchitectures=arm64-v8a --stacktrace
2026-09-27T14:10:08.9408165Z [36;1m./gradlew assembleDebug -PreactNativeArchitectures=arm64-v8a --stacktrace[0m
2026-09-27T14:10:08.9500732Z shell: /usr/bin/bash -e {0}
2026-09-27T14:10:08.9501217Z env:
2026-09-27T14:10:08.9501773Z   JAVA_HOME: /opt/hostedtoolcache/Java_Temurin-Hotspot_jdk/17.0.20-1/x64
2026-09-27T14:10:08.9502757Z   JAVA_HOME_17_X64: /opt/hostedtoolcache/Java_Temurin-Hotspot_jdk/17.0.20-1/x64
2026-09-27T14:10:08.9503507Z   ANDROID_HOME: /usr/local/lib/android/sdk
2026-09-27T14:10:08.9504055Z   ANDROID_SDK_ROOT: /usr/local/lib/android/sdk
2026-09-27T14:10:08.9504564Z ##[endgroup]
2026-09-27T14:10:09.1552172Z Downloading https://services.gradle.org/distributions/gradle-9.3.1-bin.zip
2026-09-27T14:10:11.2488134Z .............10%.............20%.............30%.............40%.............50%.............60%.............70%.............80%.............90%.............100%
2026-09-27T14:10:12.8269934Z 
2026-09-27T14:10:12.8275603Z Welcome to Gradle 9.3.1!
2026-09-27T14:10:12.8276303Z 
2026-09-27T14:10:12.8276715Z Here are the highlights of this release:
2026-09-27T14:10:12.8277194Z  - Test reporting improvements
2026-09-27T14:10:12.8277790Z  - Error and warning improvements
2026-09-27T14:10:12.8278940Z  - Build authoring improvements
2026-09-27T14:10:12.8279291Z 
2026-09-27T14:10:12.8283457Z For more details see https://docs.gradle.org/9.3.1/release-notes.html
2026-09-27T14:10:12.8284009Z 
2026-09-27T14:10:12.9240166Z Starting a Gradle Daemon (subsequent builds will be faster)
2026-09-27T14:11:29.7263733Z > Task :expo-gradle-plugin:expo-autolinking-plugin-shared:checkKotlinGradlePluginConfigurationErrors SKIPPED
2026-09-27T14:11:29.7278219Z > Task :gradle-plugin:settings-plugin:checkKotlinGradlePluginConfigurationErrors SKIPPED
2026-09-27T14:11:29.7307780Z > Task :gradle-plugin:shared:checkKotlinGradlePluginConfigurationErrors SKIPPED
2026-09-27T14:11:29.9290646Z > Task :expo-gradle-plugin:expo-autolinking-settings-plugin:checkKotlinGradlePluginConfigurationErrors SKIPPED
2026-09-27T14:11:30.0235449Z > Task :expo-gradle-plugin:expo-autolinking-settings-plugin:pluginDescriptors
2026-09-27T14:11:30.1270026Z > Task :expo-gradle-plugin:expo-autolinking-settings-plugin:processResources
2026-09-27T14:11:30.1309517Z > Task :gradle-plugin:settings-plugin:pluginDescriptors
2026-09-27T14:11:30.1349398Z > Task :gradle-plugin:settings-plugin:processResources
2026-09-27T14:11:38.2250611Z > Task :expo-gradle-plugin:expo-autolinking-plugin-shared:processResources NO-SOURCE
2026-09-27T14:11:38.2252612Z > Task :gradle-plugin:shared:processResources NO-SOURCE
2026-09-27T14:11:50.7259943Z > Task :gradle-plugin:shared:compileKotlin
2026-09-27T14:11:50.7279653Z > Task :gradle-plugin:shared:compileJava NO-SOURCE
2026-09-27T14:11:50.7299541Z > Task :gradle-plugin:shared:classes UP-TO-DATE
2026-09-27T14:11:50.8250296Z > Task :gradle-plugin:shared:jar
2026-09-27T14:11:51.3237209Z > Task :expo-gradle-plugin:expo-autolinking-plugin-shared:compileKotlin
2026-09-27T14:11:51.3259992Z > Task :expo-gradle-plugin:expo-autolinking-plugin-shared:compileJava NO-SOURCE
2026-09-27T14:11:51.3276779Z > Task :expo-gradle-plugin:expo-autolinking-plugin-shared:classes UP-TO-DATE
2026-09-27T14:11:51.3291511Z > Task :expo-gradle-plugin:expo-autolinking-plugin-shared:jar
2026-09-27T14:12:10.0249773Z > Task :gradle-plugin:settings-plugin:compileKotlin
2026-09-27T14:12:10.0269339Z > Task :gradle-plugin:settings-plugin:compileJava NO-SOURCE
2026-09-27T14:12:10.0282879Z > Task :gradle-plugin:settings-plugin:classes
2026-09-27T14:12:10.0289035Z > Task :gradle-plugin:settings-plugin:jar
2026-09-27T14:12:10.4235520Z > Task :expo-gradle-plugin:expo-autolinking-settings-plugin:compileKotlin
2026-09-27T14:12:10.4242124Z > Task :expo-gradle-plugin:expo-autolinking-settings-plugin:compileJava NO-SOURCE
2026-09-27T14:12:10.4262805Z > Task :expo-gradle-plugin:expo-autolinking-settings-plugin:classes
2026-09-27T14:12:10.4289766Z > Task :expo-gradle-plugin:expo-autolinking-settings-plugin:jar
2026-09-27T14:12:25.5249808Z > Task :expo-gradle-plugin:expo-autolinking-plugin:checkKotlinGradlePluginConfigurationErrors SKIPPED
2026-09-27T14:12:25.5286064Z > Task :expo-dev-launcher-gradle-plugin:checkKotlinGradlePluginConfigurationErrors SKIPPED
2026-09-27T14:12:25.5321568Z > Task :expo-dev-launcher-gradle-plugin:pluginDescriptors
2026-09-27T14:12:25.5322919Z > Task :expo-dev-launcher-gradle-plugin:processResources
2026-09-27T14:12:25.5340009Z > Task :expo-gradle-plugin:expo-max-sdk-override-plugin:checkKotlinGradlePluginConfigurationErrors SKIPPED
2026-09-27T14:12:29.9250336Z > Task :expo-module-gradle-plugin:checkKotlinGradlePluginConfigurationErrors SKIPPED
2026-09-27T14:12:29.9260943Z > Task :expo-module-gradle-plugin:pluginDescriptors
2026-09-27T14:12:29.9269587Z > Task :expo-module-gradle-plugin:processResources
2026-09-27T14:12:29.9292764Z > Task :expo-gradle-plugin:expo-max-sdk-override-plugin:compileKotlin
2026-09-27T14:12:30.0252598Z > Task :expo-gradle-plugin:expo-autolinking-plugin:pluginDescriptors
2026-09-27T14:12:30.0260204Z > Task :expo-gradle-plugin:expo-autolinking-plugin:processResources
2026-09-27T14:12:30.0279635Z > Task :expo-gradle-plugin:expo-max-sdk-override-plugin:compileJava NO-SOURCE
2026-09-27T14:12:30.0299486Z > Task :expo-gradle-plugin:expo-max-sdk-override-plugin:pluginDescriptors
2026-09-27T14:12:30.0319544Z > Task :expo-gradle-plugin:expo-max-sdk-override-plugin:processResources
2026-09-27T14:12:30.0329534Z > Task :expo-gradle-plugin:expo-max-sdk-override-plugin:classes
2026-09-27T14:12:30.1239985Z > Task :expo-gradle-plugin:expo-max-sdk-override-plugin:jar
2026-09-27T14:12:30.1260092Z > Task :gradle-plugin:react-native-gradle-plugin:checkKotlinGradlePluginConfigurationErrors SKIPPED
2026-09-27T14:12:30.6269906Z > Task :expo-gradle-plugin:expo-autolinking-plugin:compileKotlin
2026-09-27T14:12:30.6339826Z > Task :expo-gradle-plugin:expo-autolinking-plugin:compileJava NO-SOURCE
2026-09-27T14:12:30.6341717Z > Task :expo-gradle-plugin:expo-autolinking-plugin:classes
2026-09-27T14:12:30.6379455Z > Task :expo-gradle-plugin:expo-autolinking-plugin:jar
2026-09-27T14:12:35.3246124Z > Task :gradle-plugin:react-native-gradle-plugin:pluginDescriptors
2026-09-27T14:12:35.3257650Z > Task :gradle-plugin:react-native-gradle-plugin:processResources
2026-09-27T14:12:44.4234431Z > Task :gradle-plugin:react-native-gradle-plugin:compileKotlin
2026-09-27T14:12:44.4235926Z > Task :gradle-plugin:react-native-gradle-plugin:compileJava NO-SOURCE
2026-09-27T14:12:44.4249488Z > Task :gradle-plugin:react-native-gradle-plugin:classes
2026-09-27T14:12:44.4269432Z > Task :gradle-plugin:react-native-gradle-plugin:jar
2026-09-27T14:12:46.8257098Z > Task :expo-dev-launcher-gradle-plugin:compileKotlin
2026-09-27T14:12:46.8268574Z > Task :expo-dev-launcher-gradle-plugin:compileJava NO-SOURCE
2026-09-27T14:12:46.8280257Z > Task :expo-dev-launcher-gradle-plugin:classes
2026-09-27T14:12:46.8292124Z > Task :expo-dev-launcher-gradle-plugin:jar
2026-09-27T14:12:48.2244014Z 
2026-09-27T14:12:48.2299783Z > Task :expo-module-gradle-plugin:compileKotlin
2026-09-27T14:12:48.2336237Z w: file:///home/runner/work/NIDO/NIDO/node_modules/expo-modules-core/expo-module-gradle-plugin/src/main/kotlin/expo/modules/plugin/android/AndroidLibraryExtension.kt:9:24 'var targetSdk: Int?' is deprecated. Will be removed from library DSL in v9.0. Use testOptions.targetSdk or/and lint.targetSdk instead.
2026-09-27T14:12:48.3298905Z 
2026-09-27T14:12:48.3337267Z > Task :expo-module-gradle-plugin:compileJava NO-SOURCE
2026-09-27T14:12:48.3399469Z > Task :expo-module-gradle-plugin:classes
2026-09-27T14:12:48.3419264Z > Task :expo-module-gradle-plugin:jar
2026-09-27T14:13:04.7234969Z 
2026-09-27T14:13:04.7269362Z > Configure project :
2026-09-27T14:13:04.7271044Z [32m[ExpoRootProject][0m Using the following versions:
2026-09-27T14:13:04.7274146Z   - buildTools:  [32m36.0.0[0m
2026-09-27T14:13:04.7289219Z   - minSdk:      [32m24[0m
2026-09-27T14:13:04.7290004Z   - compileSdk:  [32m36[0m
2026-09-27T14:13:04.7290573Z   - targetSdk:   [32m36[0m
2026-09-27T14:13:04.7291667Z   - ndk:         [32m27.1.12297006[0m
2026-09-27T14:13:04.7292324Z   - kotlin:      [32m2.1.20[0m
2026-09-27T14:13:04.7292965Z   - ksp:         [32m2.1.20-2.0.1[0m
2026-09-27T14:13:32.0249807Z 
2026-09-27T14:13:32.0268801Z > Configure project :app
2026-09-27T14:13:32.0319907Z  ℹ️  [33mApplying gradle plugin[0m '[32mexpo-max-sdk-override-plugin[0m'
2026-09-27T14:13:32.0324224Z   [expo-max-sdk-override-plugin] This plugin will find all permissions declared with `android:maxSdkVersion`. If there exists a declaration with the `android:maxSdkVersion` annotation and another one without, the plugin will remove the annotation from the final merged manifest. In order to see a log with the changes run a clean build of the app.
2026-09-27T14:13:32.0349685Z  ℹ️  [33mApplying gradle plugin[0m '[32mexpo-dev-launcher-gradle-plugin[0m'
2026-09-27T14:13:32.0357370Z Checking the license for package NDK (Side by side) 27.1.12297006 in /usr/local/lib/android/sdk/licenses
2026-09-27T14:13:32.0369500Z License for package NDK (Side by side) 27.1.12297006 accepted.
2026-09-27T14:13:32.0389447Z Preparing "Install NDK (Side by side) 27.1.12297006 v.27.1.12297006".
2026-09-27T14:13:32.0409520Z "Install NDK (Side by side) 27.1.12297006 v.27.1.12297006" ready.
2026-09-27T14:13:32.0429795Z Installing NDK (Side by side) 27.1.12297006 in /usr/local/lib/android/sdk/ndk/27.1.12297006
2026-09-27T14:13:32.0439584Z "Install NDK (Side by side) 27.1.12297006 v.27.1.12297006" complete.
2026-09-27T14:13:32.0449636Z "Install NDK (Side by side) 27.1.12297006 v.27.1.12297006" finished.
2026-09-27T14:13:34.8245148Z 
2026-09-27T14:13:34.8253639Z > Configure project :expo
2026-09-27T14:13:34.8259973Z 
2026-09-27T14:13:34.8279643Z Using expo modules
2026-09-27T14:13:34.8299919Z   - [32mexpo-log-box[0m (57.0.4)
2026-09-27T14:13:34.8305552Z   - [32mbundled-assets[0m (0.1.0)
2026-09-27T14:13:34.8306699Z   - [32mdownload-wake-lock[0m (0.1.0)
2026-09-27T14:13:34.8308025Z   - [32mexpo-constants[0m (57.0.19)
2026-09-27T14:13:34.8334649Z   - [32mexpo-dev-client[0m (57.0.19)
2026-09-27T14:13:36.2237252Z   - [32mexpo-dev-launcher[0m (57.0.20)
2026-09-27T14:13:36.9235069Z   - [32mexpo-dev-menu[0m (57.0.18)
2026-09-27T14:13:37.0234760Z   - [32mexpo-dev-menu-interface[0m (57.0.0)
2026-09-27T14:13:37.3234402Z   - [32mexpo-json-utils[0m (57.0.2)
2026-09-27T14:13:37.5234567Z   - [32mexpo-manifests[0m (57.0.2)
2026-09-27T14:13:39.2234411Z   - [32mexpo-modules-core[0m (57.0.19)
2026-09-27T14:13:39.9234589Z   - [32mexpo-pdf-text-extract[0m (unspecified)
2026-09-27T14:13:59.9237138Z 
2026-09-27T14:13:59.9269571Z > Configure project :expo-sqlite
2026-09-27T14:13:59.9289960Z Checking the license for package NDK (Side by side) 27.0.12077973 in /usr/local/lib/android/sdk/licenses
2026-09-27T14:13:59.9309418Z License for package NDK (Side by side) 27.0.12077973 accepted.
2026-09-27T14:13:59.9319582Z Preparing "Install NDK (Side by side) 27.0.12077973 v.27.0.12077973".
2026-09-27T14:13:59.9339446Z "Install NDK (Side by side) 27.0.12077973 v.27.0.12077973" ready.
2026-09-27T14:13:59.9349706Z Installing NDK (Side by side) 27.0.12077973 in /usr/local/lib/android/sdk/ndk/27.0.12077973
2026-09-27T14:13:59.9369507Z "Install NDK (Side by side) 27.0.12077973 v.27.0.12077973" complete.
2026-09-27T14:13:59.9389541Z "Install NDK (Side by side) 27.0.12077973 v.27.0.12077973" finished.
2026-09-27T14:13:59.9408695Z 
2026-09-27T14:13:59.9409341Z > Configure project :expo
2026-09-27T14:13:59.9429556Z   - [32mexpo-sqlite[0m (57.0.3)
2026-09-27T14:14:00.1309338Z   - [32mexpo-updates-interface[0m (57.0.2)
2026-09-27T14:14:00.3249944Z   - [32mnido-p2p[0m (0.1.0)
2026-09-27T14:14:00.5236965Z   - [32mram-monitor[0m (0.1.0)
2026-09-27T14:14:00.6238229Z   - [32mvoice-input[0m (0.1.0)
2026-09-27T14:14:00.6290043Z   - [33m[📦][0m [32mexpo-dom-webview[0m (57.0.1)
2026-09-27T14:14:00.6319337Z   - [33m[📦][0m [32mexpo-application[0m (57.0.3)
2026-09-27T14:14:00.6339329Z   - [33m[📦][0m [32mexpo-asset[0m (57.0.18)
2026-09-27T14:14:00.6342803Z   - [33m[📦][0m [32mexpo-calendar[0m (57.0.5)
2026-09-27T14:14:00.6357155Z   - [33m[📦][0m [32mexpo-clipboard[0m (57.0.2)
2026-09-27T14:14:00.6379312Z   - [33m[📦][0m [32mexpo-contacts[0m (57.0.6)
2026-09-27T14:14:00.6399031Z   - [33m[📦][0m [32mexpo-crypto[0m (57.0.3)
2026-09-27T14:14:00.6400188Z   - [33m[📦][0m [32mexpo-document-picker[0m (57.0.2)
2026-09-27T14:14:00.6404403Z   - [33m[📦][0m [32mexpo-file-system[0m (57.0.7)
2026-09-27T14:14:00.6439155Z   - [33m[📦][0m [32mexpo-font[0m (57.0.4)
2026-09-27T14:14:00.6446668Z   - [33m[📦][0m [32mexpo-haptics[0m (57.0.3)
2026-09-27T14:14:00.6489299Z   - [33m[📦][0m [32mexpo-keep-awake[0m (57.0.2)
2026-09-27T14:14:00.6499803Z   - [33m[📦][0m [32mexpo-linear-gradient[0m (57.0.2)
2026-09-27T14:14:00.6519346Z   - [33m[📦][0m [32mexpo-local-authentication[0m (57.0.3)
2026-09-27T14:14:00.6539100Z   - [33m[📦][0m [32mexpo-localization[0m (17.0.9)
2026-09-27T14:14:00.6541596Z   - [33m[📦][0m [32mexpo-notifications[0m (57.0.21)
2026-09-27T14:14:00.6569370Z   - [33m[📦][0m [32mexpo-secure-store[0m (57.0.4)
2026-09-27T14:14:00.6609563Z   - [33m[📦][0m [32mexpo-sharing[0m (57.0.22)
2026-09-27T14:14:00.6620078Z   - [33m[📦][0m [32mexpo-speech[0m (57.0.3)
2026-09-27T14:14:00.6644890Z   - [33m[📦][0m [32mexpo-splash-screen[0m (57.0.9)
2026-09-27T14:14:00.6659583Z   - [33m[📦][0m [32mexpo-status-bar[0m (57.0.1)
2026-09-27T14:14:00.6678744Z 
2026-09-27T14:14:17.5259008Z 
2026-09-27T14:14:17.5309843Z > Configure project :llama.rn
2026-09-27T14:14:17.5329688Z 🚫 Hexagon SDK not found — building CPU-only
2026-09-27T14:15:03.7235363Z 
2026-09-27T14:15:03.7236246Z > Task :bundled-assets:preBuild UP-TO-DATE
2026-09-27T14:15:03.7279829Z > Task :download-wake-lock:preBuild UP-TO-DATE
2026-09-27T14:15:03.7308966Z > Task :expo:generatePackagesList
2026-09-27T14:15:03.7339270Z > Task :expo:preBuild
2026-09-27T14:15:04.3250659Z The NODE_ENV environment variable is required but was not specified. Ensure the project is bundled with Expo CLI or NODE_ENV is set. Using only .env.local and .env
2026-09-27T14:15:04.3251954Z 
2026-09-27T14:15:04.3274014Z > Task :expo-constants:createExpoConfig
2026-09-27T14:15:04.3305375Z 
2026-09-27T14:15:04.3306025Z > Task :expo-constants:preBuild
2026-09-27T14:15:04.3306947Z > Task :expo-dev-client:preBuild UP-TO-DATE
2026-09-27T14:15:04.3312689Z > Task :expo-dev-launcher:preBuild UP-TO-DATE
2026-09-27T14:15:04.3313771Z > Task :expo-dev-menu:preBuild UP-TO-DATE
2026-09-27T14:15:04.3314812Z > Task :expo-dev-menu-interface:preBuild UP-TO-DATE
2026-09-27T14:15:04.3315861Z > Task :expo-json-utils:preBuild UP-TO-DATE
2026-09-27T14:15:04.3316805Z > Task :expo-log-box:preBuild UP-TO-DATE
2026-09-27T14:15:04.3317534Z > Task :expo-manifests:preBuild UP-TO-DATE
2026-09-27T14:15:04.3317996Z > Task :expo-modules-core:preBuild UP-TO-DATE
2026-09-27T14:15:04.3319047Z > Task :expo-pdf-text-extract:preBuild UP-TO-DATE
2026-09-27T14:15:04.3319909Z > Task :expo-sqlite:preBuild UP-TO-DATE
2026-09-27T14:15:04.3320763Z > Task :expo-updates-interface:preBuild UP-TO-DATE
2026-09-27T14:15:04.5257550Z > Task :llama.rn:generateCodegenSchemaFromJavaScript
2026-09-27T14:15:04.8235162Z > Task :llama.rn:generateCodegenArtifactsFromSchema
2026-09-27T14:15:04.8237215Z > Task :llama.rn:preBuild
2026-09-27T14:15:04.8238003Z > Task :nido-p2p:preBuild UP-TO-DATE
2026-09-27T14:15:04.8239722Z > Task :ram-monitor:preBuild UP-TO-DATE
2026-09-27T14:15:05.1240492Z > Task :react-native-safe-area-context:generateCodegenSchemaFromJavaScript
2026-09-27T14:15:05.3235328Z > Task :react-native-safe-area-context:generateCodegenArtifactsFromSchema
2026-09-27T14:15:05.3242244Z > Task :react-native-safe-area-context:preBuild
2026-09-27T14:15:05.3243410Z > Task :voice-input:preBuild UP-TO-DATE
2026-09-27T14:15:05.3259313Z > Task :bundled-assets:preDebugBuild UP-TO-DATE
2026-09-27T14:15:07.7248722Z > Task :bundled-assets:writeDebugAarMetadata
2026-09-27T14:15:09.4269211Z > Task :download-wake-lock:preDebugBuild UP-TO-DATE
2026-09-27T14:15:09.4289438Z > Task :download-wake-lock:writeDebugAarMetadata
2026-09-27T14:15:09.4299126Z > Task :expo:preDebugBuild
2026-09-27T14:15:09.4309285Z > Task :expo:writeDebugAarMetadata
2026-09-27T14:15:09.4320676Z > Task :expo-constants:preDebugBuild
2026-09-27T14:15:09.4329566Z > Task :expo-constants:writeDebugAarMetadata
2026-09-27T14:15:09.4364025Z > Task :expo-dev-client:preDebugBuild UP-TO-DATE
2026-09-27T14:15:09.8242866Z > Task :expo-dev-client:writeDebugAarMetadata
2026-09-27T14:15:09.9234155Z > Task :expo-dev-launcher:preDebugBuild UP-TO-DATE
2026-09-27T14:15:09.9236686Z > Task :expo-dev-launcher:writeDebugAarMetadata
2026-09-27T14:15:10.0239847Z > Task :expo-dev-menu:preDebugBuild UP-TO-DATE
2026-09-27T14:15:10.0249871Z > Task :expo-dev-menu:writeDebugAarMetadata
2026-09-27T14:15:10.0251181Z > Task :expo-dev-menu-interface:preDebugBuild UP-TO-DATE
2026-09-27T14:15:10.1252922Z > Task :expo-dev-menu-interface:writeDebugAarMetadata
2026-09-27T14:15:10.1269952Z > Task :expo-json-utils:preDebugBuild UP-TO-DATE
2026-09-27T14:15:10.1289324Z > Task :expo-json-utils:writeDebugAarMetadata
2026-09-27T14:15:10.1290543Z > Task :expo-log-box:preDebugBuild UP-TO-DATE
2026-09-27T14:15:10.1329263Z > Task :expo-log-box:writeDebugAarMetadata
2026-09-27T14:15:10.1338143Z > Task :expo-manifests:preDebugBuild UP-TO-DATE
2026-09-27T14:15:10.1356674Z > Task :expo-manifests:writeDebugAarMetadata
2026-09-27T14:15:10.1367878Z > Task :expo-modules-core:preDebugBuild UP-TO-DATE
2026-09-27T14:15:10.1409333Z > Task :expo-modules-core:writeDebugAarMetadata
2026-09-27T14:15:10.1436297Z > Task :expo-pdf-text-extract:preDebugBuild UP-TO-DATE
2026-09-27T14:15:10.1443849Z > Task :expo-pdf-text-extract:writeDebugAarMetadata
2026-09-27T14:15:10.1497569Z > Task :expo-sqlite:preDebugBuild UP-TO-DATE
2026-09-27T14:15:10.1544822Z > Task :expo-sqlite:writeDebugAarMetadata
2026-09-27T14:15:10.1559185Z > Task :expo-updates-interface:preDebugBuild UP-TO-DATE
2026-09-27T14:15:10.1600821Z > Task :expo-updates-interface:writeDebugAarMetadata
2026-09-27T14:15:10.1619284Z > Task :llama.rn:preDebugBuild
2026-09-27T14:15:10.2270545Z > Task :llama.rn:writeDebugAarMetadata
2026-09-27T14:15:10.2283981Z > Task :nido-p2p:preDebugBuild UP-TO-DATE
2026-09-27T14:15:10.2330205Z > Task :nido-p2p:writeDebugAarMetadata
2026-09-27T14:15:10.2362817Z > Task :ram-monitor:preDebugBuild UP-TO-DATE
2026-09-27T14:15:10.2373856Z > Task :ram-monitor:writeDebugAarMetadata
2026-09-27T14:15:10.2389785Z > Task :react-native-safe-area-context:preDebugBuild
2026-09-27T14:15:10.2427767Z > Task :react-native-safe-area-context:writeDebugAarMetadata
2026-09-27T14:15:10.2467684Z > Task :voice-input:preDebugBuild UP-TO-DATE
2026-09-27T14:15:10.2489534Z > Task :voice-input:writeDebugAarMetadata
2026-09-27T14:15:10.2529278Z > Task :bundled-assets:generateDebugResValues
2026-09-27T14:15:10.2569239Z > Task :bundled-assets:generateDebugResources
2026-09-27T14:15:10.4236272Z > Task :bundled-assets:packageDebugResources
2026-09-27T14:15:10.4249455Z > Task :download-wake-lock:generateDebugResValues
2026-09-27T14:15:10.4276449Z > Task :download-wake-lock:generateDebugResources
2026-09-27T14:15:10.4297672Z > Task :download-wake-lock:packageDebugResources
2026-09-27T14:15:10.4329178Z > Task :expo:generateDebugResValues
2026-09-27T14:15:10.4350877Z > Task :expo:generateDebugResources
2026-09-27T14:15:10.4389406Z > Task :expo:packageDebugResources
2026-09-27T14:15:10.4419325Z > Task :expo-constants:generateDebugResValues
2026-09-27T14:15:10.4429446Z > Task :expo-constants:generateDebugResources
2026-09-27T14:15:10.4460384Z > Task :expo-constants:packageDebugResources
2026-09-27T14:15:10.4461361Z > Task :expo-dev-client:generateDebugResValues
2026-09-27T14:15:10.4499292Z > Task :expo-dev-client:generateDebugResources
2026-09-27T14:15:10.4519300Z > Task :expo-dev-client:packageDebugResources
2026-09-27T14:15:10.5236078Z > Task :expo-dev-launcher:generateDebugResValues
2026-09-27T14:15:10.5257868Z > Task :expo-dev-launcher:generateDebugResources
2026-09-27T14:15:10.6249730Z > Task :expo-dev-launcher:packageDebugResources
2026-09-27T14:15:10.6266889Z > Task :expo-dev-menu:generateDebugResValues
2026-09-27T14:15:10.6270046Z > Task :expo-dev-menu:generateDebugResources
2026-09-27T14:15:10.7242414Z > Task :expo-dev-menu:packageDebugResources
2026-09-27T14:15:10.7249849Z > Task :expo-dev-menu-interface:generateDebugResValues
2026-09-27T14:15:10.7251355Z > Task :expo-dev-menu-interface:generateDebugResources
2026-09-27T14:15:10.7252569Z > Task :expo-dev-menu-interface:packageDebugResources
2026-09-27T14:15:10.7253590Z > Task :expo-json-utils:generateDebugResValues
2026-09-27T14:15:10.7254567Z > Task :expo-json-utils:generateDebugResources
2026-09-27T14:15:10.7255537Z > Task :expo-json-utils:packageDebugResources
2026-09-27T14:15:10.7256479Z > Task :expo-log-box:generateDebugResValues
2026-09-27T14:15:10.7257418Z > Task :expo-log-box:generateDebugResources
2026-09-27T14:15:10.7258567Z > Task :expo-log-box:packageDebugResources
2026-09-27T14:15:10.7259544Z > Task :expo-manifests:generateDebugResValues
2026-09-27T14:15:10.7260503Z > Task :expo-manifests:generateDebugResources
2026-09-27T14:15:10.8235449Z > Task :expo-manifests:packageDebugResources
2026-09-27T14:15:10.8249811Z > Task :expo-modules-core:generateDebugResValues
2026-09-27T14:15:10.8259440Z > Task :expo-modules-core:generateDebugResources
2026-09-27T14:15:10.8275264Z > Task :expo-modules-core:packageDebugResources
2026-09-27T14:15:10.8277295Z > Task :expo-pdf-text-extract:generateDebugResValues
2026-09-27T14:15:10.8310308Z > Task :expo-pdf-text-extract:generateDebugResources
2026-09-27T14:15:10.8328020Z > Task :expo-pdf-text-extract:packageDebugResources
2026-09-27T14:15:10.8380912Z > Task :expo-sqlite:generateDebugResValues
2026-09-27T14:15:10.9234130Z > Task :expo-sqlite:generateDebugResources
2026-09-27T14:15:10.9270013Z > Task :expo-sqlite:packageDebugResources
2026-09-27T14:15:10.9271564Z > Task :expo-updates-interface:generateDebugResValues
2026-09-27T14:15:10.9272845Z > Task :expo-updates-interface:generateDebugResources
2026-09-27T14:15:10.9273978Z > Task :expo-updates-interface:packageDebugResources
2026-09-27T14:15:10.9274981Z > Task :llama.rn:generateDebugResValues
2026-09-27T14:15:10.9275868Z > Task :llama.rn:generateDebugResources
2026-09-27T14:15:10.9276740Z > Task :llama.rn:packageDebugResources
2026-09-27T14:15:10.9277617Z > Task :nido-p2p:generateDebugResValues
2026-09-27T14:15:10.9278723Z > Task :nido-p2p:generateDebugResources
2026-09-27T14:15:10.9279657Z > Task :nido-p2p:packageDebugResources
2026-09-27T14:15:10.9280529Z > Task :ram-monitor:generateDebugResValues
2026-09-27T14:15:11.0239717Z > Task :ram-monitor:generateDebugResources
2026-09-27T14:15:11.0259558Z > Task :ram-monitor:packageDebugResources
2026-09-27T14:15:11.0260690Z > Task :react-native-safe-area-context:generateDebugResValues
2026-09-27T14:15:11.0279506Z > Task :react-native-safe-area-context:generateDebugResources
2026-09-27T14:15:11.0299387Z > Task :react-native-safe-area-context:packageDebugResources
2026-09-27T14:15:11.0300263Z > Task :voice-input:generateDebugResValues
2026-09-27T14:15:11.0301035Z > Task :voice-input:generateDebugResources
2026-09-27T14:15:11.0301734Z > Task :voice-input:packageDebugResources
2026-09-27T14:15:11.0302473Z > Task :bundled-assets:extractDeepLinksDebug
2026-09-27T14:15:12.0249053Z 
2026-09-27T14:15:12.0269643Z > Task :bundled-assets:processDebugManifest
2026-09-27T14:15:12.0272499Z package="expo.modules.bundledassets" found in source AndroidManifest.xml: /home/runner/work/NIDO/NIDO/modules/bundled-assets/android/src/main/AndroidManifest.xml.
2026-09-27T14:15:12.0302287Z Setting the namespace via the package attribute in the source AndroidManifest.xml is no longer supported, and the value is ignored.
2026-09-27T14:15:12.0320718Z Recommendation: remove package="expo.modules.bundledassets" from the source AndroidManifest.xml: /home/runner/work/NIDO/NIDO/modules/bundled-assets/android/src/main/AndroidManifest.xml.
2026-09-27T14:15:12.0338964Z 
2026-09-27T14:15:12.0359586Z > Task :download-wake-lock:extractDeepLinksDebug
2026-09-27T14:15:12.0360912Z 
2026-09-27T14:15:12.0380304Z > Task :download-wake-lock:processDebugManifest
2026-09-27T14:15:12.0410887Z package="expo.modules.downloadwakelock" found in source AndroidManifest.xml: /home/runner/work/NIDO/NIDO/modules/download-wake-lock/android/src/main/AndroidManifest.xml.
2026-09-27T14:15:12.0430064Z Setting the namespace via the package attribute in the source AndroidManifest.xml is no longer supported, and the value is ignored.
2026-09-27T14:15:12.0433931Z Recommendation: remove package="expo.modules.downloadwakelock" from the source AndroidManifest.xml: /home/runner/work/NIDO/NIDO/modules/download-wake-lock/android/src/main/AndroidManifest.xml.
2026-09-27T14:15:12.0458885Z 
2026-09-27T14:15:12.0475936Z > Task :expo:extractDeepLinksDebug
2026-09-27T14:15:12.0510650Z > Task :expo:processDebugManifest
2026-09-27T14:15:12.1239955Z > Task :expo-constants:extractDeepLinksDebug
2026-09-27T14:15:12.1279391Z > Task :expo-constants:processDebugManifest
2026-09-27T14:15:12.1314761Z > Task :expo-dev-client:extractDeepLinksDebug
2026-09-27T14:15:12.1359393Z > Task :expo-dev-client:processDebugManifest
2026-09-27T14:15:12.1374034Z > Task :expo-dev-launcher:extractDeepLinksDebug
2026-09-27T14:15:12.2234969Z > Task :expo-dev-launcher:processDebugManifest
2026-09-27T14:15:12.2256433Z > Task :expo-dev-menu:extractDeepLinksDebug
2026-09-27T14:15:12.2257604Z > Task :expo-dev-menu:processDebugManifest
2026-09-27T14:15:12.2259110Z > Task :expo-dev-menu-interface:extractDeepLinksDebug
2026-09-27T14:15:12.3241618Z > Task :expo-dev-menu-interface:processDebugManifest
2026-09-27T14:15:12.3249889Z > Task :expo-json-utils:extractDeepLinksDebug
2026-09-27T14:15:12.3267397Z > Task :expo-json-utils:processDebugManifest
2026-09-27T14:15:12.4239677Z > Task :expo-log-box:extractDeepLinksDebug
2026-09-27T14:15:12.4241492Z > Task :expo-log-box:processDebugManifest
2026-09-27T14:15:12.4242561Z > Task :expo-manifests:extractDeepLinksDebug
2026-09-27T14:15:12.4243560Z > Task :expo-manifests:processDebugManifest
2026-09-27T14:15:12.4244530Z > Task :expo-modules-core:extractDeepLinksDebug
2026-09-27T14:15:12.4245121Z 
2026-09-27T14:15:12.4245684Z > Task :expo-modules-core:processDebugManifest
2026-09-27T14:15:12.4247391Z /home/runner/work/NIDO/NIDO/node_modules/expo-modules-core/android/src/main/AndroidManifest.xml:8:9-11:45 Warning:
2026-09-27T14:15:12.4250050Z 	meta-data#com.facebook.soloader.enabled@android:value was tagged at AndroidManifest.xml:8 to replace other declarations but no other declaration present
2026-09-27T14:15:12.4251279Z 
2026-09-27T14:15:12.4251921Z > Task :expo-pdf-text-extract:extractDeepLinksDebug
2026-09-27T14:15:12.5239976Z > Task :expo-pdf-text-extract:processDebugManifest
2026-09-27T14:15:12.8234761Z > Task :expo-sqlite:extractDeepLinksDebug
2026-09-27T14:15:12.8235951Z > Task :expo-sqlite:processDebugManifest
2026-09-27T14:15:12.8236959Z > Task :expo-updates-interface:extractDeepLinksDebug
2026-09-27T14:15:12.8237926Z > Task :expo-updates-interface:processDebugManifest
2026-09-27T14:15:12.8238992Z > Task :llama.rn:extractDeepLinksDebug
2026-09-27T14:15:12.9235505Z 
2026-09-27T14:15:12.9236659Z > Task :llama.rn:processDebugManifest
2026-09-27T14:15:12.9238967Z package="com.rnllama" found in source AndroidManifest.xml: /home/runner/work/NIDO/NIDO/node_modules/llama.rn/android/src/main/AndroidManifest.xml.
2026-09-27T14:15:12.9241259Z Setting the namespace via the package attribute in the source AndroidManifest.xml is no longer supported, and the value is ignored.
2026-09-27T14:15:12.9244267Z Recommendation: remove package="com.rnllama" from the source AndroidManifest.xml: /home/runner/work/NIDO/NIDO/node_modules/llama.rn/android/src/main/AndroidManifest.xml.
2026-09-27T14:15:12.9256018Z 
2026-09-27T14:15:12.9279209Z > Task :nido-p2p:extractDeepLinksDebug
2026-09-27T14:15:13.1292701Z > Task :nido-p2p:processDebugManifest
2026-09-27T14:15:13.1323285Z > Task :ram-monitor:extractDeepLinksDebug
2026-09-27T14:15:13.1338875Z 
2026-09-27T14:15:13.1342623Z > Task :ram-monitor:processDebugManifest
2026-09-27T14:15:13.1344927Z package="expo.modules.rammonitor" found in source AndroidManifest.xml: /home/runner/work/NIDO/NIDO/modules/ram-monitor/android/src/main/AndroidManifest.xml.
2026-09-27T14:15:13.1348018Z Setting the namespace via the package attribute in the source AndroidManifest.xml is no longer supported, and the value is ignored.
2026-09-27T14:15:13.1351501Z Recommendation: remove package="expo.modules.rammonitor" from the source AndroidManifest.xml: /home/runner/work/NIDO/NIDO/modules/ram-monitor/android/src/main/AndroidManifest.xml.
2026-09-27T14:15:13.2233187Z 
2026-09-27T14:15:13.2250195Z > Task :react-native-safe-area-context:extractDeepLinksDebug
2026-09-27T14:15:13.2268984Z 
2026-09-27T14:15:13.2283041Z > Task :react-native-safe-area-context:processDebugManifest
2026-09-27T14:15:13.2287377Z package="com.th3rdwave.safeareacontext" found in source AndroidManifest.xml: /home/runner/work/NIDO/NIDO/node_modules/react-native-safe-area-context/android/src/main/AndroidManifest.xml.
2026-09-27T14:15:13.2291884Z Setting the namespace via the package attribute in the source AndroidManifest.xml is no longer supported, and the value is ignored.
2026-09-27T14:15:13.2295150Z Recommendation: remove package="com.th3rdwave.safeareacontext" from the source AndroidManifest.xml: /home/runner/work/NIDO/NIDO/node_modules/react-native-safe-area-context/android/src/main/AndroidManifest.xml.
2026-09-27T14:15:13.2296913Z 
2026-09-27T14:15:13.2297566Z > Task :voice-input:extractDeepLinksDebug
2026-09-27T14:15:13.3232934Z 
2026-09-27T14:15:13.3249820Z > Task :voice-input:processDebugManifest
2026-09-27T14:15:13.3252079Z package="expo.modules.voiceinput" found in source AndroidManifest.xml: /home/runner/work/NIDO/NIDO/modules/voice-input/android/src/main/AndroidManifest.xml.
2026-09-27T14:15:13.3254542Z Setting the namespace via the package attribute in the source AndroidManifest.xml is no longer supported, and the value is ignored.
2026-09-27T14:15:13.3257312Z Recommendation: remove package="expo.modules.voiceinput" from the source AndroidManifest.xml: /home/runner/work/NIDO/NIDO/modules/voice-input/android/src/main/AndroidManifest.xml.
2026-09-27T14:15:13.6251495Z 
2026-09-27T14:15:13.6269885Z > Task :bundled-assets:compileDebugLibraryResources
2026-09-27T14:15:14.0279685Z > Task :bundled-assets:parseDebugLocalResources
2026-09-27T14:15:14.2236990Z > Task :bundled-assets:generateDebugRFile
2026-09-27T14:15:14.2256370Z > Task :download-wake-lock:compileDebugLibraryResources
2026-09-27T14:15:14.2258954Z > Task :app:generateAutolinkingNewArchitectureFiles
2026-09-27T14:15:14.2260077Z > Task :app:generateAutolinkingPackageList
2026-09-27T14:15:14.2261263Z > Task :app:generateCodegenSchemaFromJavaScript SKIPPED
2026-09-27T14:15:14.2262402Z > Task :app:generateCodegenArtifactsFromSchema SKIPPED
2026-09-27T14:15:14.2263490Z > Task :download-wake-lock:parseDebugLocalResources
2026-09-27T14:15:14.2264489Z > Task :download-wake-lock:generateDebugRFile
2026-09-27T14:15:14.2265439Z > Task :app:generateReactNativeEntryPoint
2026-09-27T14:15:14.2266370Z > Task :expo:compileDebugLibraryResources
2026-09-27T14:15:14.2267314Z > Task :expo:parseDebugLocalResources
2026-09-27T14:15:14.3265153Z > Task :app:syncRNLlamaHtpAssets
2026-09-27T14:15:14.3279387Z > Task :app:preBuild
2026-09-27T14:15:14.3316289Z > Task :app:preDebugBuild
2026-09-27T14:15:14.3340880Z > Task :expo:generateDebugRFile
2026-09-27T14:15:14.3360212Z > Task :app:mergeDebugNativeDebugMetadata NO-SOURCE
2026-09-27T14:15:14.3363637Z > Task :app:checkKotlinGradlePluginConfigurationErrors SKIPPED
2026-09-27T14:15:14.3364940Z > Task :expo-constants:compileDebugLibraryResources
2026-09-27T14:15:14.3366058Z > Task :expo-constants:parseDebugLocalResources
2026-09-27T14:15:14.3367035Z > Task :app:generateDebugBuildConfig
2026-09-27T14:15:14.3368029Z > Task :expo-constants:generateDebugRFile
2026-09-27T14:15:14.3369521Z > Task :expo-dev-client:compileDebugLibraryResources
2026-09-27T14:15:14.3370616Z > Task :expo-dev-client:parseDebugLocalResources
2026-09-27T14:15:14.4251535Z > Task :expo-dev-client:generateDebugRFile
2026-09-27T14:15:30.3259778Z > Task :expo-dev-launcher:compileDebugLibraryResources
2026-09-27T14:15:30.4259731Z > Task :expo-dev-launcher:parseDebugLocalResources
2026-09-27T14:15:30.4279388Z > Task :expo-dev-launcher:generateDebugRFile
2026-09-27T14:15:30.5246919Z > Task :expo-dev-menu:compileDebugLibraryResources
2026-09-27T14:15:30.5267719Z > Task :expo-dev-menu:parseDebugLocalResources
2026-09-27T14:15:30.5279205Z > Task :expo-dev-menu:generateDebugRFile
2026-09-27T14:15:30.6239757Z > Task :expo-dev-menu-interface:compileDebugLibraryResources
2026-09-27T14:15:30.6279526Z > Task :expo-dev-menu-interface:parseDebugLocalResources
2026-09-27T14:15:30.6339386Z > Task :expo-dev-menu-interface:generateDebugRFile
2026-09-27T14:15:30.6353775Z > Task :expo-json-utils:compileDebugLibraryResources
2026-09-27T14:15:30.6419328Z > Task :expo-json-utils:parseDebugLocalResources
2026-09-27T14:15:30.7239554Z > Task :expo-json-utils:generateDebugRFile
2026-09-27T14:15:30.7266651Z > Task :expo-log-box:compileDebugLibraryResources
2026-09-27T14:15:30.7329494Z > Task :expo-log-box:parseDebugLocalResources
2026-09-27T14:15:30.7349326Z > Task :expo-log-box:generateDebugRFile
2026-09-27T14:15:30.7409495Z > Task :expo-manifests:compileDebugLibraryResources
2026-09-27T14:15:30.8259696Z > Task :expo-manifests:parseDebugLocalResources
2026-09-27T14:15:30.8279668Z > Task :expo-manifests:generateDebugRFile
2026-09-27T14:15:30.8302483Z > Task :expo-modules-core:compileDebugLibraryResources
2026-09-27T14:15:30.8346095Z > Task :expo-modules-core:parseDebugLocalResources
2026-09-27T14:15:30.8389342Z > Task :expo-modules-core:generateDebugRFile
2026-09-27T14:15:30.9259452Z > Task :expo-pdf-text-extract:compileDebugLibraryResources
2026-09-27T14:15:30.9268177Z > Task :expo-pdf-text-extract:parseDebugLocalResources
2026-09-27T14:15:30.9319334Z > Task :expo-pdf-text-extract:generateDebugRFile
2026-09-27T14:15:30.9345561Z > Task :expo-sqlite:compileDebugLibraryResources
2026-09-27T14:15:30.9355754Z > Task :expo-sqlite:parseDebugLocalResources
2026-09-27T14:15:31.0247081Z > Task :expo-sqlite:generateDebugRFile
2026-09-27T14:15:31.0280267Z > Task :expo-updates-interface:compileDebugLibraryResources
2026-09-27T14:15:31.0309507Z > Task :expo-updates-interface:parseDebugLocalResources
2026-09-27T14:15:31.0321287Z > Task :expo-updates-interface:generateDebugRFile
2026-09-27T14:15:31.0359278Z > Task :llama.rn:compileDebugLibraryResources
2026-09-27T14:15:31.0402398Z > Task :llama.rn:parseDebugLocalResources
2026-09-27T14:15:31.1238662Z > Task :llama.rn:generateDebugRFile
2026-09-27T14:15:31.1289603Z > Task :nido-p2p:compileDebugLibraryResources
2026-09-27T14:15:31.1293015Z > Task :nido-p2p:parseDebugLocalResources
2026-09-27T14:15:31.1341578Z > Task :nido-p2p:generateDebugRFile
2026-09-27T14:15:31.1379235Z > Task :ram-monitor:compileDebugLibraryResources
2026-09-27T14:15:31.1409722Z > Task :ram-monitor:parseDebugLocalResources
2026-09-27T14:15:31.2239634Z > Task :ram-monitor:generateDebugRFile
2026-09-27T14:15:31.2279642Z > Task :react-native-safe-area-context:compileDebugLibraryResources
2026-09-27T14:15:31.2311531Z > Task :react-native-safe-area-context:parseDebugLocalResources
2026-09-27T14:15:31.2360515Z > Task :react-native-safe-area-context:generateDebugRFile
2026-09-27T14:15:31.2393534Z > Task :voice-input:compileDebugLibraryResources
2026-09-27T14:15:31.2439260Z > Task :voice-input:parseDebugLocalResources
2026-09-27T14:15:31.3241072Z > Task :voice-input:generateDebugRFile
2026-09-27T14:15:31.3259470Z > Task :bundled-assets:checkKotlinGradlePluginConfigurationErrors SKIPPED
2026-09-27T14:15:31.3280560Z > Task :bundled-assets:generateDebugBuildConfig
2026-09-27T14:15:31.3300566Z > Task :expo-modules-core:checkKotlinGradlePluginConfigurationErrors SKIPPED
2026-09-27T14:15:31.3309612Z > Task :expo-modules-core:generateDebugBuildConfig
2026-09-27T14:15:37.8243294Z > Task :app:checkDebugAarMetadata
2026-09-27T14:15:37.8256658Z > Task :app:generateDebugResValues
2026-09-27T14:15:38.2234195Z > Task :app:mapDebugSourceSetPaths
2026-09-27T14:15:38.2249665Z > Task :app:generateDebugResources
2026-09-27T14:15:48.1251911Z > Task :app:mergeDebugResources
2026-09-27T14:15:48.2249808Z > Task :app:packageDebugResources
2026-09-27T14:15:48.2269356Z > Task :app:parseDebugLocalResources
2026-09-27T14:15:48.2270299Z > Task :app:createDebugCompatibleScreenManifests
2026-09-27T14:15:48.2309300Z > Task :app:extractDeepLinksDebug
2026-09-27T14:15:50.4238961Z 
2026-09-27T14:15:50.4256580Z > Task :app:processDebugMainManifest
2026-09-27T14:15:50.4290086Z /home/runner/work/NIDO/NIDO/android/app/src/debug/AndroidManifest.xml:6:5-162 Warning:
2026-09-27T14:15:50.4310052Z 	application@android:usesCleartextTraffic was tagged at AndroidManifest.xml:6 to replace other declarations but no other declaration present
2026-09-27T14:15:50.4349473Z /home/runner/work/NIDO/NIDO/android/app/src/debug/AndroidManifest.xml Warning:
2026-09-27T14:15:50.4370379Z 	provider#expo.modules.filesystem.FileSystemFileProvider@android:authorities was tagged at AndroidManifest.xml:0 to replace other declarations but no other declaration present
2026-09-27T14:15:50.5233044Z 
2026-09-27T14:15:50.5269364Z > Task :app:expoDebugOverrideMaxSdkConflicts
2026-09-27T14:15:50.5283387Z [33m---------- Expo Max Sdk Override Plugin ----------[0m
2026-09-27T14:15:50.5329528Z [32m>>> No 'android:maxSdkVersion' conflicts found[0m
2026-09-27T14:15:50.5349452Z [33m--------------------------------------------------[0m
2026-09-27T14:15:50.9237306Z 
2026-09-27T14:15:50.9299907Z > Task :app:processDebugManifest
2026-09-27T14:15:51.0289681Z > Task :app:processDebugManifestForPackage
2026-09-27T14:15:58.6241781Z > Task :app:processDebugResources
2026-09-27T14:15:58.6271859Z > Task :expo-modules-core:javaPreCompileDebug
2026-09-27T14:15:58.6305347Z > Task :bundled-assets:javaPreCompileDebug
2026-09-27T14:15:58.6309512Z > Task :download-wake-lock:checkKotlinGradlePluginConfigurationErrors SKIPPED
2026-09-27T14:15:58.6351567Z > Task :download-wake-lock:generateDebugBuildConfig
2026-09-27T14:15:58.6379551Z > Task :download-wake-lock:javaPreCompileDebug
2026-09-27T14:15:58.6429690Z > Task :expo:checkKotlinGradlePluginConfigurationErrors SKIPPED
2026-09-27T14:15:58.7250764Z > Task :expo:generateDebugBuildConfig
2026-09-27T14:15:58.7259803Z > Task :expo-constants:checkKotlinGradlePluginConfigurationErrors SKIPPED
2026-09-27T14:15:58.7287771Z > Task :expo-constants:generateDebugBuildConfig
2026-09-27T14:15:58.7309376Z > Task :expo-constants:javaPreCompileDebug
2026-09-27T14:15:58.7329673Z > Task :expo-dev-client:checkKotlinGradlePluginConfigurationErrors SKIPPED
2026-09-27T14:15:58.8233743Z > Task :expo-dev-client:dataBindingMergeDependencyArtifactsDebug
2026-09-27T14:15:59.0236063Z > Task :expo-dev-client:dataBindingGenBaseClassesDebug
2026-09-27T14:15:59.0281837Z > Task :expo-dev-client:generateDebugBuildConfig
2026-09-27T14:15:59.0299327Z > Task :expo-dev-client:javaPreCompileDebug
2026-09-27T14:15:59.0332368Z > Task :expo-dev-launcher:checkKotlinGradlePluginConfigurationErrors SKIPPED
2026-09-27T14:16:00.1242314Z > Task :expo-dev-launcher:dataBindingMergeDependencyArtifactsDebug
2026-09-27T14:16:00.5235729Z > Task :expo-dev-launcher:dataBindingGenBaseClassesDebug
2026-09-27T14:16:00.5267757Z > Task :expo-dev-launcher:generateDebugBuildConfig
2026-09-27T14:16:00.5329961Z > Task :expo-dev-launcher:checkApolloVersions
2026-09-27T14:16:00.8239755Z > Task :expo-dev-launcher:generateServiceApolloOptions
2026-09-27T14:16:01.3233820Z > Task :expo-modules-core:compileDebugKotlin
2026-09-27T14:16:03.0237831Z 
2026-09-27T14:16:03.0288231Z > Task :expo-dev-launcher:generateServiceApolloSources
2026-09-27T14:16:03.0394065Z ##[warning]w: /home/runner/work/NIDO/NIDO/node_modules/expo-dev-launcher/android/src/debug/graphql/GetBranches.graphql: (21, 11): Apollo: Use of deprecated field `runtimeVersion`
2026-09-27T14:16:03.0420897Z ##[warning]w: /home/runner/work/NIDO/NIDO/node_modules/expo-dev-launcher/android/src/debug/graphql/GetBranches.graphql: (34, 3): Apollo: Variable `platform` is unused
2026-09-27T14:16:03.0424518Z ##[warning]w: /home/runner/work/NIDO/NIDO/node_modules/expo-dev-launcher/android/src/debug/graphql/GetUpdates.graphql: (14, 11): Apollo: Use of deprecated field `runtimeVersion`
2026-09-27T14:16:03.0426658Z 
2026-09-27T14:16:03.0427403Z > Task :expo-dev-menu:checkKotlinGradlePluginConfigurationErrors SKIPPED
2026-09-27T14:16:03.0428636Z > Task :expo-dev-menu:generateDebugBuildConfig
2026-09-27T14:16:03.0452477Z > Task :expo-dev-menu-interface:checkKotlinGradlePluginConfigurationErrors SKIPPED
2026-09-27T14:16:03.0453903Z > Task :expo-dev-menu-interface:generateDebugBuildConfig
2026-09-27T14:16:03.0454787Z > Task :expo-dev-menu-interface:javaPreCompileDebug
2026-09-27T14:16:03.0455884Z > Task :expo-json-utils:checkKotlinGradlePluginConfigurationErrors SKIPPED
2026-09-27T14:16:03.0456879Z > Task :expo-json-utils:generateDebugBuildConfig
2026-09-27T14:16:03.1249944Z > Task :expo-json-utils:javaPreCompileDebug
2026-09-27T14:16:03.1269774Z > Task :expo-manifests:checkKotlinGradlePluginConfigurationErrors SKIPPED
2026-09-27T14:16:03.1309295Z > Task :expo-manifests:generateDebugBuildConfig
2026-09-27T14:16:03.1350529Z > Task :expo-manifests:javaPreCompileDebug
2026-09-27T14:16:03.1369221Z > Task :expo-dev-menu:javaPreCompileDebug
2026-09-27T14:16:03.1419818Z > Task :expo-updates-interface:checkKotlinGradlePluginConfigurationErrors SKIPPED
2026-09-27T14:16:03.1439447Z > Task :expo-updates-interface:generateDebugBuildConfig
2026-09-27T14:16:03.1493439Z > Task :expo-updates-interface:javaPreCompileDebug
2026-09-27T14:16:03.1505342Z > Task :expo-dev-launcher:javaPreCompileDebug
2026-09-27T14:16:03.1547076Z > Task :expo-log-box:checkKotlinGradlePluginConfigurationErrors SKIPPED
2026-09-27T14:16:03.1621520Z > Task :expo-log-box:generateDebugBuildConfig
2026-09-27T14:16:03.1653917Z > Task :expo-log-box:javaPreCompileDebug
2026-09-27T14:16:03.1702494Z > Task :expo-pdf-text-extract:checkKotlinGradlePluginConfigurationErrors SKIPPED
2026-09-27T14:16:03.1712544Z > Task :expo-pdf-text-extract:generateDebugBuildConfig
2026-09-27T14:16:03.1769283Z > Task :expo-pdf-text-extract:javaPreCompileDebug
2026-09-27T14:16:03.1789536Z > Task :expo-sqlite:checkKotlinGradlePluginConfigurationErrors SKIPPED
2026-09-27T14:16:03.1829259Z > Task :expo-sqlite:generateDebugBuildConfig
2026-09-27T14:16:03.2269870Z > Task :expo-sqlite:javaPreCompileDebug
2026-09-27T14:16:03.2330792Z > Task :nido-p2p:checkKotlinGradlePluginConfigurationErrors SKIPPED
2026-09-27T14:16:03.2351425Z > Task :nido-p2p:generateDebugBuildConfig
2026-09-27T14:16:03.2390592Z > Task :nido-p2p:javaPreCompileDebug
2026-09-27T14:16:03.2409857Z > Task :ram-monitor:checkKotlinGradlePluginConfigurationErrors SKIPPED
2026-09-27T14:16:03.2477886Z > Task :ram-monitor:generateDebugBuildConfig
2026-09-27T14:16:03.2479657Z > Task :ram-monitor:javaPreCompileDebug
2026-09-27T14:16:03.2554636Z > Task :voice-input:checkKotlinGradlePluginConfigurationErrors SKIPPED
2026-09-27T14:16:03.2609278Z > Task :voice-input:generateDebugBuildConfig
2026-09-27T14:16:03.2669224Z > Task :voice-input:javaPreCompileDebug
2026-09-27T14:16:03.2699121Z > Task :expo:javaPreCompileDebug
2026-09-27T14:16:03.2730564Z > Task :llama.rn:generateDebugBuildConfig
2026-09-27T14:16:03.3250336Z > Task :llama.rn:javaPreCompileDebug
2026-09-27T14:16:14.1234302Z Note: Some input files use or override a deprecated API.
2026-09-27T14:16:14.1234860Z 
2026-09-27T14:16:14.1265031Z Note: Recompile with -Xlint:deprecation for details.
2026-09-27T14:16:14.1289285Z > Task :llama.rn:compileDebugJavaWithJavac
2026-09-27T14:16:23.9269239Z 
2026-09-27T14:16:23.9299627Z > Task :llama.rn:bundleLibCompileToJarDebug
2026-09-27T14:16:23.9369923Z > Task :react-native-safe-area-context:checkKotlinGradlePluginConfigurationErrors SKIPPED
2026-09-27T14:16:23.9406493Z > Task :react-native-safe-area-context:generateDebugBuildConfig
2026-09-27T14:16:30.7250282Z 
2026-09-27T14:16:30.7270986Z > Task :react-native-safe-area-context:compileDebugKotlin
2026-09-27T14:16:30.7288926Z w: file:///home/runner/work/NIDO/NIDO/node_modules/react-native-safe-area-context/android/src/main/java/com/th3rdwave/safeareacontext/SafeAreaProviderManager.kt:39:19 'fun getEventDispatcherForReactTag(context: ReactContext, reactTag: Int): EventDispatcher?' is deprecated. reactTag is no longer needed.
2026-09-27T14:16:30.7314634Z w: file:///home/runner/work/NIDO/NIDO/node_modules/react-native-safe-area-context/android/src/main/java/com/th3rdwave/safeareacontext/SafeAreaView.kt:9:8 'class UIManagerModule : ReactContextBaseJavaModule, LifecycleEventListener, UIManager' is deprecated. Deprecated in Java.
2026-09-27T14:16:30.7335574Z w: file:///home/runner/work/NIDO/NIDO/node_modules/react-native-safe-area-context/android/src/main/java/com/th3rdwave/safeareacontext/SafeAreaView.kt:50:54 'class UIManagerModule : ReactContextBaseJavaModule, LifecycleEventListener, UIManager' is deprecated. Deprecated in Java.
2026-09-27T14:16:30.7363097Z w: file:///home/runner/work/NIDO/NIDO/node_modules/react-native-safe-area-context/android/src/main/java/com/th3rdwave/safeareacontext/SafeAreaView.kt:59:23 'val uiImplementation: UIImplementation!' is deprecated. Deprecated in Java.
2026-09-27T14:16:30.7371763Z w: file:///home/runner/work/NIDO/NIDO/node_modules/react-native-safe-area-context/android/src/main/java/com/th3rdwave/safeareacontext/SafeAreaViewShadowNode.kt:9:32 'class LayoutShadowNode : ReactShadowNodeImpl' is deprecated. This class is part of Legacy Architecture and will be removed in a future release.
2026-09-27T14:16:30.7392109Z w: file:///home/runner/work/NIDO/NIDO/node_modules/react-native-safe-area-context/android/src/main/java/com/th3rdwave/safeareacontext/SafeAreaViewShadowNode.kt:110:61 'class NativeViewHierarchyOptimizer : Any' is deprecated. This class is part of Legacy Architecture and will be removed in a future release.
2026-09-27T14:16:30.8232472Z 
2026-09-27T14:16:30.8249882Z > Task :react-native-safe-area-context:javaPreCompileDebug
2026-09-27T14:16:31.5270872Z > Task :react-native-safe-area-context:compileDebugJavaWithJavac
2026-09-27T14:16:31.6270131Z > Task :react-native-safe-area-context:bundleLibCompileToJarDebug
2026-09-27T14:16:31.6310596Z > Task :app:javaPreCompileDebug
2026-09-27T14:16:31.6328267Z > Task :app:mergeDebugShaders
2026-09-27T14:16:31.6387920Z > Task :app:compileDebugShaders NO-SOURCE
2026-09-27T14:16:31.6409069Z > Task :app:generateDebugAssets UP-TO-DATE
2026-09-27T14:16:31.6469863Z > Task :bundled-assets:mergeDebugShaders
2026-09-27T14:16:31.7233553Z > Task :bundled-assets:compileDebugShaders NO-SOURCE
2026-09-27T14:16:31.7259281Z > Task :bundled-assets:generateDebugAssets UP-TO-DATE
2026-09-27T14:16:31.7299205Z > Task :bundled-assets:mergeDebugAssets
2026-09-27T14:16:31.7310815Z > Task :download-wake-lock:mergeDebugShaders
2026-09-27T14:16:31.7339261Z > Task :download-wake-lock:compileDebugShaders NO-SOURCE
2026-09-27T14:16:31.7379214Z > Task :download-wake-lock:generateDebugAssets UP-TO-DATE
2026-09-27T14:16:31.7419144Z > Task :download-wake-lock:mergeDebugAssets
2026-09-27T14:16:31.7434242Z > Task :expo:mergeDebugShaders
2026-09-27T14:16:31.7471255Z > Task :expo:compileDebugShaders NO-SOURCE
2026-09-27T14:16:31.7499202Z > Task :expo:generateDebugAssets UP-TO-DATE
2026-09-27T14:16:31.7536859Z > Task :expo:mergeDebugAssets
2026-09-27T14:16:31.7559099Z > Task :expo-constants:mergeDebugShaders
2026-09-27T14:16:31.7579692Z > Task :expo-constants:compileDebugShaders NO-SOURCE
2026-09-27T14:16:31.7619217Z > Task :expo-constants:generateDebugAssets UP-TO-DATE
2026-09-27T14:16:31.8235426Z > Task :expo-constants:mergeDebugAssets
2026-09-27T14:16:31.8269586Z > Task :expo-dev-client:mergeDebugShaders
2026-09-27T14:16:31.8309464Z > Task :expo-dev-client:compileDebugShaders NO-SOURCE
2026-09-27T14:16:31.8329515Z > Task :expo-dev-client:generateDebugAssets UP-TO-DATE
2026-09-27T14:16:31.8360115Z > Task :expo-dev-client:mergeDebugAssets
2026-09-27T14:16:31.8389258Z > Task :expo-dev-launcher:mergeDebugShaders
2026-09-27T14:16:31.8410039Z > Task :expo-dev-launcher:compileDebugShaders NO-SOURCE
2026-09-27T14:16:31.8449194Z > Task :expo-dev-launcher:generateDebugAssets UP-TO-DATE
2026-09-27T14:16:31.8489177Z > Task :expo-dev-launcher:mergeDebugAssets
2026-09-27T14:16:31.8509541Z > Task :expo-dev-menu:mergeDebugShaders
2026-09-27T14:16:31.8549277Z > Task :expo-dev-menu:compileDebugShaders NO-SOURCE
2026-09-27T14:16:31.8569156Z > Task :expo-dev-menu:generateDebugAssets UP-TO-DATE
2026-09-27T14:16:31.8588144Z > Task :expo-dev-menu:mergeDebugAssets
2026-09-27T14:16:31.8629388Z > Task :expo-dev-menu-interface:mergeDebugShaders
2026-09-27T14:16:31.8669042Z > Task :expo-dev-menu-interface:compileDebugShaders NO-SOURCE
2026-09-27T14:16:31.8689216Z > Task :expo-dev-menu-interface:generateDebugAssets UP-TO-DATE
2026-09-27T14:16:31.8729077Z > Task :expo-dev-menu-interface:mergeDebugAssets
2026-09-27T14:16:31.9239563Z > Task :expo-json-utils:mergeDebugShaders
2026-09-27T14:16:31.9279314Z > Task :expo-json-utils:compileDebugShaders NO-SOURCE
2026-09-27T14:16:31.9299405Z > Task :expo-json-utils:generateDebugAssets UP-TO-DATE
2026-09-27T14:16:31.9337975Z > Task :expo-json-utils:mergeDebugAssets
2026-09-27T14:16:31.9359381Z > Task :expo-log-box:mergeDebugShaders
2026-09-27T14:16:31.9399419Z > Task :expo-log-box:compileDebugShaders NO-SOURCE
2026-09-27T14:16:31.9418070Z > Task :expo-log-box:generateDebugAssets UP-TO-DATE
2026-09-27T14:16:31.9459039Z > Task :expo-log-box:mergeDebugAssets
2026-09-27T14:16:31.9487221Z > Task :expo-manifests:mergeDebugShaders
2026-09-27T14:16:31.9517920Z > Task :expo-manifests:compileDebugShaders NO-SOURCE
2026-09-27T14:16:31.9539673Z > Task :expo-manifests:generateDebugAssets UP-TO-DATE
2026-09-27T14:16:31.9569341Z > Task :expo-manifests:mergeDebugAssets
2026-09-27T14:16:31.9599325Z > Task :expo-modules-core:mergeDebugShaders
2026-09-27T14:16:31.9639313Z > Task :expo-modules-core:compileDebugShaders NO-SOURCE
2026-09-27T14:16:31.9649063Z > Task :expo-modules-core:generateDebugAssets UP-TO-DATE
2026-09-27T14:16:31.9689339Z > Task :expo-modules-core:mergeDebugAssets
2026-09-27T14:16:32.0240057Z > Task :expo-pdf-text-extract:mergeDebugShaders
2026-09-27T14:16:32.0266694Z > Task :expo-pdf-text-extract:compileDebugShaders NO-SOURCE
2026-09-27T14:16:32.0292246Z > Task :expo-pdf-text-extract:generateDebugAssets UP-TO-DATE
2026-09-27T14:16:32.0339579Z > Task :expo-pdf-text-extract:mergeDebugAssets
2026-09-27T14:16:32.0349224Z > Task :expo-sqlite:mergeDebugShaders
2026-09-27T14:16:32.0379333Z > Task :expo-sqlite:compileDebugShaders NO-SOURCE
2026-09-27T14:16:32.0419311Z > Task :expo-sqlite:generateDebugAssets UP-TO-DATE
2026-09-27T14:16:32.0442505Z > Task :expo-sqlite:mergeDebugAssets
2026-09-27T14:16:32.0470584Z > Task :expo-updates-interface:mergeDebugShaders
2026-09-27T14:16:32.0517279Z > Task :expo-updates-interface:compileDebugShaders NO-SOURCE
2026-09-27T14:16:32.0539424Z > Task :expo-updates-interface:generateDebugAssets UP-TO-DATE
2026-09-27T14:16:32.0571304Z > Task :expo-updates-interface:mergeDebugAssets
2026-09-27T14:16:32.0629549Z > Task :llama.rn:mergeDebugShaders
2026-09-27T14:16:32.0659386Z > Task :llama.rn:compileDebugShaders NO-SOURCE
2026-09-27T14:16:32.0689268Z > Task :llama.rn:generateDebugAssets UP-TO-DATE
2026-09-27T14:16:32.0709188Z > Task :llama.rn:mergeDebugAssets
2026-09-27T14:16:32.0749099Z > Task :nido-p2p:mergeDebugShaders
2026-09-27T14:16:32.0770265Z > Task :nido-p2p:compileDebugShaders NO-SOURCE
2026-09-27T14:16:32.0804157Z > Task :nido-p2p:generateDebugAssets UP-TO-DATE
2026-09-27T14:16:32.0824587Z > Task :nido-p2p:mergeDebugAssets
2026-09-27T14:16:32.0866881Z > Task :ram-monitor:mergeDebugShaders
2026-09-27T14:16:32.0900560Z > Task :ram-monitor:compileDebugShaders NO-SOURCE
2026-09-27T14:16:32.0919177Z > Task :ram-monitor:generateDebugAssets UP-TO-DATE
2026-09-27T14:16:32.0969234Z > Task :ram-monitor:mergeDebugAssets
2026-09-27T14:16:32.1233045Z > Task :react-native-safe-area-context:mergeDebugShaders
2026-09-27T14:16:32.1269705Z > Task :react-native-safe-area-context:compileDebugShaders NO-SOURCE
2026-09-27T14:16:32.1306490Z > Task :react-native-safe-area-context:generateDebugAssets UP-TO-DATE
2026-09-27T14:16:32.1341499Z > Task :react-native-safe-area-context:mergeDebugAssets
2026-09-27T14:16:32.1357561Z > Task :voice-input:mergeDebugShaders
2026-09-27T14:16:32.1403136Z > Task :voice-input:compileDebugShaders NO-SOURCE
2026-09-27T14:16:32.1426481Z > Task :voice-input:generateDebugAssets UP-TO-DATE
2026-09-27T14:16:32.1451731Z > Task :voice-input:mergeDebugAssets
2026-09-27T14:16:32.9246107Z > Task :app:mergeDebugAssets
2026-09-27T14:16:33.7259598Z > Task :app:compressDebugAssets
2026-09-27T14:16:33.7279590Z > Task :react-native-safe-area-context:bundleLibRuntimeToJarDebug
2026-09-27T14:16:40.5249649Z > Task :llama.rn:bundleLibRuntimeToJarDebug
2026-09-27T14:16:41.3259605Z > Task :app:desugarDebugFileDependencies
2026-09-27T14:16:41.3269549Z > Task :llama.rn:processDebugJavaRes NO-SOURCE
2026-09-27T14:16:41.3289505Z > Task :react-native-safe-area-context:processDebugJavaRes
2026-09-27T14:16:43.5247311Z 
2026-09-27T14:16:43.5302220Z > Task :expo-modules-core:compileDebugKotlin
2026-09-27T14:16:43.5311119Z w: file:///home/runner/work/NIDO/NIDO/node_modules/expo-modules-core/android/src/main/java/expo/modules/apploader/AppLoaderProvider.kt:34:52 Unchecked cast of 'Class<*>!' to 'Class<out HeadlessAppLoader>'.
2026-09-27T14:16:43.5350119Z w: file:///home/runner/work/NIDO/NIDO/node_modules/expo-modules-core/android/src/main/java/expo/modules/kotlin/AppContext.kt:14:8 'class UIManagerModule : ReactContextBaseJavaModule, LifecycleEventListener, UIManager' is deprecated. Deprecated in Java.
2026-09-27T14:16:43.5355846Z w: file:///home/runner/work/NIDO/NIDO/node_modules/expo-modules-core/android/src/main/java/expo/modules/kotlin/AppContext.kt:22:8 'typealias ErrorManagerModule = JSLoggerModule' is deprecated. Use JSLoggerModule instead.
2026-09-27T14:16:43.5387939Z w: file:///home/runner/work/NIDO/NIDO/node_modules/expo-modules-core/android/src/main/java/expo/modules/kotlin/AppContext.kt:61:13 'val hostingRuntimeContext: MainRuntime' is deprecated. Use AppContext.runtimeContext instead.
2026-09-27T14:16:43.5409297Z w: file:///home/runner/work/NIDO/NIDO/node_modules/expo-modules-core/android/src/main/java/expo/modules/kotlin/AppContext.kt:271:21 'typealias ErrorManagerModule = JSLoggerModule' is deprecated. Use JSLoggerModule instead.
2026-09-27T14:16:43.5441631Z w: file:///home/runner/work/NIDO/NIDO/node_modules/expo-modules-core/android/src/main/java/expo/modules/kotlin/AppContext.kt:380:21 'val DEFAULT: Int' is deprecated. UIManagerType.DEFAULT will be deleted in the next release of React Native. Use [LEGACY] instead.
2026-09-27T14:16:43.5452850Z w: file:///home/runner/work/NIDO/NIDO/node_modules/expo-modules-core/android/src/main/java/expo/modules/kotlin/AppContext.kt:381:10 'class UIManagerModule : ReactContextBaseJavaModule, LifecycleEventListener, UIManager' is deprecated. Deprecated in Java.
2026-09-27T14:16:43.5466377Z w: file:///home/runner/work/NIDO/NIDO/node_modules/expo-modules-core/android/src/main/java/expo/modules/kotlin/defaultmodules/NativeModulesProxyModule.kt:16:5 'fun Constants(legacyConstantsProvider: () -> Map<String, Any?>): Unit' is deprecated. Use `Constant` or `Property` instead.
2026-09-27T14:16:43.5501981Z w: file:///home/runner/work/NIDO/NIDO/node_modules/expo-modules-core/android/src/main/java/expo/modules/kotlin/events/KModuleEventEmitterWrapper.kt:99:21 'fun getEventDispatcherForReactTag(context: ReactContext, reactTag: Int): EventDispatcher?' is deprecated. reactTag is no longer needed.
2026-09-27T14:16:43.5514678Z w: file:///home/runner/work/NIDO/NIDO/node_modules/expo-modules-core/android/src/main/java/expo/modules/kotlin/events/KModuleEventEmitterWrapper.kt:108:21 'fun getEventDispatcherForReactTag(context: ReactContext, reactTag: Int): EventDispatcher?' is deprecated. reactTag is no longer needed.
2026-09-27T14:16:43.5531589Z w: file:///home/runner/work/NIDO/NIDO/node_modules/expo-modules-core/android/src/main/java/expo/modules/kotlin/views/ViewDefinitionBuilder.kt:470:16 'val errorManager: JSLoggerModule?' is deprecated. Use AppContext.jsLogger instead.
2026-09-27T14:16:43.5554343Z w: file:///home/runner/work/NIDO/NIDO/node_modules/expo-modules-core/android/src/main/java/expo/modules/kotlin/views/ViewDefinitionBuilder.kt:470:30 'fun reportExceptionToLogBox(codedException: CodedException): Unit' is deprecated. Use appContext.jsLogger.error(...) instead.
2026-09-27T14:16:43.5581260Z w: file:///home/runner/work/NIDO/NIDO/node_modules/expo-modules-core/android/src/main/java/expo/modules/kotlin/views/ViewManagerDefinition.kt:41:16 'val errorManager: JSLoggerModule?' is deprecated. Use AppContext.jsLogger instead.
2026-09-27T14:16:43.5596924Z w: file:///home/runner/work/NIDO/NIDO/node_modules/expo-modules-core/android/src/main/java/expo/modules/kotlin/views/ViewManagerDefinition.kt:41:30 'fun reportExceptionToLogBox(codedException: CodedException): Unit' is deprecated. Use appContext.jsLogger.error(...) instead.
2026-09-27T14:16:44.9232616Z 
2026-09-27T14:16:44.9279636Z > Task :app:checkDebugDuplicateClasses
2026-09-27T14:16:47.2246138Z Note: Some input files use or override a deprecated API.
2026-09-27T14:16:47.2246696Z 
2026-09-27T14:16:47.2247291Z Note: Recompile with -Xlint:deprecation for details.
2026-09-27T14:16:47.2289236Z > Task :expo-modules-core:compileDebugJavaWithJavac
2026-09-27T14:17:14.9233467Z 
2026-09-27T14:17:14.9249378Z > Task :app:mergeExtDexDebug
2026-09-27T14:19:18.4256104Z > Task :expo-modules-core:bundleLibCompileToJarDebug
2026-09-27T14:19:20.6253580Z > Task :bundled-assets:compileDebugKotlin
2026-09-27T14:19:21.2250089Z > Task :bundled-assets:compileDebugJavaWithJavac
2026-09-27T14:19:21.2310193Z > Task :bundled-assets:bundleLibCompileToJarDebug
2026-09-27T14:19:22.0233527Z > Task :download-wake-lock:compileDebugKotlin
2026-09-27T14:19:22.3233397Z > Task :download-wake-lock:compileDebugJavaWithJavac
2026-09-27T14:19:22.3261373Z > Task :download-wake-lock:bundleLibCompileToJarDebug
2026-09-27T14:19:23.6268936Z 
2026-09-27T14:19:23.6289523Z > Task :expo-constants:compileDebugKotlin
2026-09-27T14:19:23.6331263Z w: file:///home/runner/work/NIDO/NIDO/node_modules/expo-constants/android/src/main/java/expo/modules/constants/ConstantsModule.kt:13:5 'fun Constants(legacyConstantsProvider: () -> Map<String, Any?>): Unit' is deprecated. Use `Constant` or `Property` instead.
2026-09-27T14:19:23.9259060Z 
2026-09-27T14:19:23.9329100Z > Task :expo-constants:compileDebugJavaWithJavac
2026-09-27T14:19:23.9369391Z > Task :expo-constants:bundleLibCompileToJarDebug
2026-09-27T14:19:23.9429593Z > Task :expo-dev-client:compileDebugKotlin NO-SOURCE
2026-09-27T14:19:24.3233547Z > Task :expo-dev-client:compileDebugJavaWithJavac
2026-09-27T14:19:24.3260049Z > Task :expo-dev-client:bundleLibCompileToJarDebug
2026-09-27T14:19:24.3299593Z > Task :expo-dev-menu-interface:compileDebugKotlin NO-SOURCE
2026-09-27T14:19:24.6233519Z > Task :expo-dev-menu-interface:compileDebugJavaWithJavac
2026-09-27T14:19:24.6279619Z > Task :expo-dev-menu-interface:bundleLibCompileToJarDebug
2026-09-27T14:19:25.2258517Z > Task :expo-json-utils:compileDebugKotlin
2026-09-27T14:19:25.5233419Z > Task :expo-json-utils:compileDebugJavaWithJavac
2026-09-27T14:19:25.6250012Z > Task :expo-json-utils:bundleLibCompileToJarDebug
2026-09-27T14:19:27.9252731Z 
2026-09-27T14:19:27.9279593Z > Task :expo-manifests:compileDebugKotlin
2026-09-27T14:19:27.9322024Z w: file:///home/runner/work/NIDO/NIDO/node_modules/expo-manifests/android/src/main/java/expo/modules/manifests/core/EmbeddedManifest.kt:19:16 This declaration overrides a deprecated member but is not marked as deprecated itself. Add the '@Deprecated' annotation or suppress the diagnostic.
2026-09-27T14:19:27.9327008Z w: file:///home/runner/work/NIDO/NIDO/node_modules/expo-manifests/android/src/main/java/expo/modules/manifests/core/EmbeddedManifest.kt:19:86 'fun getLegacyID(): String' is deprecated. Prefer scopeKey or projectId depending on use case.
2026-09-27T14:19:27.9392156Z w: file:///home/runner/work/NIDO/NIDO/node_modules/expo-manifests/android/src/main/java/expo/modules/manifests/core/ExpoUpdatesManifest.kt:16:16 This declaration overrides a deprecated member but is not marked as deprecated itself. Add the '@Deprecated' annotation or suppress the diagnostic.
2026-09-27T14:19:27.9396208Z w: file:///home/runner/work/NIDO/NIDO/node_modules/expo-manifests/android/src/main/java/expo/modules/manifests/core/Manifest.kt:13:3 Deprecations and opt-ins on a method overridden from 'Any' may not be reported.
2026-09-27T14:19:27.9441002Z w: file:///home/runner/work/NIDO/NIDO/node_modules/expo-manifests/android/src/main/java/expo/modules/manifests/core/Manifest.kt:15:12 'fun getRawJson(): JSONObject' is deprecated. Prefer to use specific field getters.
2026-09-27T14:19:28.3248850Z 
2026-09-27T14:19:28.3329614Z > Task :expo-manifests:compileDebugJavaWithJavac
2026-09-27T14:19:28.3369569Z > Task :expo-manifests:bundleLibCompileToJarDebug
2026-09-27T14:19:55.0248975Z 
2026-09-27T14:19:55.0261045Z > Task :expo-dev-menu:compileDebugKotlin
2026-09-27T14:19:55.0281302Z w: file:///home/runner/work/NIDO/NIDO/node_modules/expo-dev-menu/android/src/debug/java/com/facebook/react/devsupport/DevMenuSettingsBase.kt:6:8 'class PreferenceManager : Any' is deprecated. Deprecated in Java.
2026-09-27T14:19:55.0311665Z w: file:///home/runner/work/NIDO/NIDO/node_modules/expo-dev-menu/android/src/debug/java/com/facebook/react/devsupport/DevMenuSettingsBase.kt:18:51 'class PreferenceManager : Any' is deprecated. Deprecated in Java.
2026-09-27T14:19:55.0317408Z w: file:///home/runner/work/NIDO/NIDO/node_modules/expo-dev-menu/android/src/debug/java/com/facebook/react/devsupport/DevMenuSettingsBase.kt:18:69 'static fun getDefaultSharedPreferences(p0: Context!): SharedPreferences!' is deprecated. Deprecated in Java.
2026-09-27T14:19:55.0342825Z w: file:///home/runner/work/NIDO/NIDO/node_modules/expo-dev-menu/android/src/debug/java/com/facebook/react/devsupport/DevMenuSettingsBase.kt:51:13 This code uses error suppression for 'NOTHING_TO_OVERRIDE'. While it might compile and work, the compiler behavior is UNSPECIFIED and WILL NOT BE PRESERVED. Please report your use case to the Kotlin issue tracker instead: https://kotl.in/issue
2026-09-27T14:19:55.0362905Z w: file:///home/runner/work/NIDO/NIDO/node_modules/expo-dev-menu/android/src/debug/java/com/facebook/react/devsupport/DevMenuSettingsBase.kt:58:13 This code uses error suppression for 'NOTHING_TO_OVERRIDE'. While it might compile and work, the compiler behavior is UNSPECIFIED and WILL NOT BE PRESERVED. Please report your use case to the Kotlin issue tracker instead: https://kotl.in/issue
2026-09-27T14:19:55.0385742Z w: file:///home/runner/work/NIDO/NIDO/node_modules/expo-dev-menu/android/src/debug/java/expo/modules/devmenu/compose/ui/AppInfo.kt:64:5 'fun Button(onClick: () -> Unit, enabled: Boolean = ..., shape: Shape = ..., backgroundColor: Color = ..., contentColor: Color = ..., contentPadding: PaddingValues = ..., borderColor: Color = ..., borderWidth: Dp = ..., modifier: Modifier = ..., role: Role = ..., indication: Indication? = ..., interactionSource: MutableInteractionSource? = ..., horizontalArrangement: Arrangement.Horizontal = ..., verticalAlignment: Alignment.Vertical = ..., content: @Composable() ComposableFunction1<RowScope, Unit>): Unit' is deprecated. Use UnstyledButton instead.
2026-09-27T14:19:55.0407566Z w: file:///home/runner/work/NIDO/NIDO/node_modules/expo-dev-menu/android/src/debug/java/expo/modules/devmenu/compose/ui/MenuButton.kt:33:5 'fun Button(onClick: () -> Unit, enabled: Boolean = ..., shape: Shape = ..., backgroundColor: Color = ..., contentColor: Color = ..., contentPadding: PaddingValues = ..., borderColor: Color = ..., borderWidth: Dp = ..., modifier: Modifier = ..., role: Role = ..., indication: Indication? = ..., interactionSource: MutableInteractionSource? = ..., horizontalArrangement: Arrangement.Horizontal = ..., verticalAlignment: Alignment.Vertical = ..., content: @Composable() ComposableFunction1<RowScope, Unit>): Unit' is deprecated. Use UnstyledButton instead.
2026-09-27T14:19:55.0445697Z w: file:///home/runner/work/NIDO/NIDO/node_modules/expo-dev-menu/android/src/debug/java/expo/modules/devmenu/compose/ui/Onboarding.kt:70:5 'fun Button(onClick: () -> Unit, enabled: Boolean = ..., shape: Shape = ..., backgroundColor: Color = ..., contentColor: Color = ..., contentPadding: PaddingValues = ..., borderColor: Color = ..., borderWidth: Dp = ..., modifier: Modifier = ..., role: Role = ..., indication: Indication? = ..., interactionSource: MutableInteractionSource? = ..., horizontalArrangement: Arrangement.Horizontal = ..., verticalAlignment: Alignment.Vertical = ..., content: @Composable() ComposableFunction1<RowScope, Unit>): Unit' is deprecated. Use UnstyledButton instead.
2026-09-27T14:19:55.0480489Z w: file:///home/runner/work/NIDO/NIDO/node_modules/expo-dev-menu/android/src/debug/java/expo/modules/devmenu/compose/ui/SystemSection.kt:52:3 'fun Button(onClick: () -> Unit, enabled: Boolean = ..., shape: Shape = ..., backgroundColor: Color = ..., contentColor: Color = ..., contentPadding: PaddingValues = ..., borderColor: Color = ..., borderWidth: Dp = ..., modifier: Modifier = ..., role: Role = ..., indication: Indication? = ..., interactionSource: MutableInteractionSource? = ..., horizontalArrangement: Arrangement.Horizontal = ..., verticalAlignment: Alignment.Vertical = ..., content: @Composable() ComposableFunction1<RowScope, Unit>): Unit' is deprecated. Use UnstyledButton instead.
2026-09-27T14:20:03.8232120Z 
2026-09-27T14:20:03.8255695Z > Task :expo-dev-menu:compileDebugJavaWithJavac
2026-09-27T14:20:06.6253059Z > Task :expo-dev-menu:bundleLibCompileToJarDebug
2026-09-27T14:20:07.9239622Z > Task :expo-updates-interface:compileDebugKotlin
2026-09-27T14:20:08.1239956Z > Task :expo-updates-interface:compileDebugJavaWithJavac
2026-09-27T14:20:08.2249906Z > Task :expo-updates-interface:bundleLibCompileToJarDebug
2026-09-27T14:20:11.2510880Z > Task :expo-log-box:compileDebugKotlin
2026-09-27T14:20:13.4241149Z > Task :expo-log-box:compileDebugJavaWithJavac
2026-09-27T14:20:13.4251475Z > Task :expo-log-box:bundleLibCompileToJarDebug
2026-09-27T14:20:15.6240020Z > Task :expo-pdf-text-extract:compileDebugKotlin
2026-09-27T14:20:19.5235782Z > Task :expo-pdf-text-extract:compileDebugJavaWithJavac
2026-09-27T14:20:19.5259521Z > Task :expo-pdf-text-extract:bundleLibCompileToJarDebug
2026-09-27T14:20:29.7233031Z > Task :expo-sqlite:compileDebugKotlin
2026-09-27T14:20:30.2233300Z > Task :expo-sqlite:compileDebugJavaWithJavac
2026-09-27T14:20:30.2289320Z > Task :expo-sqlite:bundleLibCompileToJarDebug
2026-09-27T14:20:34.2233087Z 
2026-09-27T14:20:34.2249605Z > Task :nido-p2p:compileDebugKotlin
2026-09-27T14:20:34.2281594Z w: file:///home/runner/work/NIDO/NIDO/modules/nido-p2p/android/src/main/java/expo/modules/nidop2p/NidoP2PManager.kt:127:22 'fun <T : Parcelable!> getParcelableExtra(p0: String!): T?' is deprecated. Deprecated in Java.
2026-09-27T14:20:34.6248956Z 
2026-09-27T14:20:34.6282939Z > Task :nido-p2p:compileDebugJavaWithJavac
2026-09-27T14:20:34.6302029Z > Task :nido-p2p:bundleLibCompileToJarDebug
2026-09-27T14:20:35.5250160Z > Task :ram-monitor:compileDebugKotlin
2026-09-27T14:20:35.7254167Z > Task :ram-monitor:compileDebugJavaWithJavac
2026-09-27T14:20:35.7662051Z > Task :ram-monitor:bundleLibCompileToJarDebug
2026-09-27T14:20:37.1233255Z > Task :voice-input:compileDebugKotlin
2026-09-27T14:20:37.3249730Z > Task :voice-input:compileDebugJavaWithJavac
2026-09-27T14:20:37.3311278Z > Task :voice-input:bundleLibCompileToJarDebug
2026-09-27T14:20:37.3329408Z > Task :bundled-assets:bundleLibRuntimeToJarDebug
2026-09-27T14:20:37.3389506Z > Task :download-wake-lock:bundleLibRuntimeToJarDebug
2026-09-27T14:20:37.4269805Z > Task :expo-constants:bundleLibRuntimeToJarDebug
2026-09-27T14:20:37.4359513Z > Task :expo-dev-client:bundleLibRuntimeToJarDebug
2026-09-27T14:20:37.4360449Z > Task :expo-dev-menu:bundleLibRuntimeToJarDebug
2026-09-27T14:20:37.4399635Z > Task :expo-dev-menu-interface:bundleLibRuntimeToJarDebug
2026-09-27T14:20:37.4900606Z > Task :expo-json-utils:bundleLibRuntimeToJarDebug
2026-09-27T14:20:37.5800369Z > Task :expo-log-box:bundleLibRuntimeToJarDebug
2026-09-27T14:20:37.5849452Z > Task :expo-manifests:bundleLibRuntimeToJarDebug
2026-09-27T14:20:38.0496623Z > Task :expo-modules-core:bundleLibRuntimeToJarDebug
2026-09-27T14:20:38.0519884Z > Task :expo-pdf-text-extract:bundleLibRuntimeToJarDebug
2026-09-27T14:20:38.1700562Z > Task :expo-sqlite:bundleLibRuntimeToJarDebug
2026-09-27T14:20:38.1719460Z > Task :expo-updates-interface:bundleLibRuntimeToJarDebug
2026-09-27T14:20:38.1940391Z > Task :nido-p2p:bundleLibRuntimeToJarDebug
2026-09-27T14:20:38.1941875Z > Task :ram-monitor:bundleLibRuntimeToJarDebug
2026-09-27T14:20:38.2151315Z > Task :voice-input:bundleLibRuntimeToJarDebug
2026-09-27T14:20:38.2239531Z > Task :expo-dev-launcher:compileDebugKotlin
2026-09-27T14:20:39.2249416Z w: file:///home/runner/work/NIDO/NIDO/node_modules/expo-dev-launcher/android/src/debug/java/expo/modules/devlauncher/compose/models/BranchViewModel.kt:80:31 'val runtimeVersion: String' is deprecated. Use 'runtime' field .
2026-09-27T14:20:39.2286673Z w: file:///home/runner/work/NIDO/NIDO/node_modules/expo-dev-launcher/android/src/debug/java/expo/modules/devlauncher/compose/screens/BranchScreen.kt:59:9 'fun Button(onClick: () -> Unit, enabled: Boolean = ..., shape: Shape = ..., backgroundColor: Color = ..., contentColor: Color = ..., contentPadding: PaddingValues = ..., borderColor: Color = ..., borderWidth: Dp = ..., modifier: Modifier = ..., role: Role = ..., indication: Indication? = ..., interactionSource: MutableInteractionSource? = ..., horizontalArrangement: Arrangement.Horizontal = ..., verticalAlignment: Alignment.Vertical = ..., content: @Composable() ComposableFunction1<RowScope, Unit>): Unit' is deprecated. Use UnstyledButton instead.
2026-09-27T14:20:39.2315906Z w: file:///home/runner/work/NIDO/NIDO/node_modules/expo-dev-launcher/android/src/debug/java/expo/modules/devlauncher/compose/screens/BranchScreen.kt:113:13 'fun Button(onClick: () -> Unit, enabled: Boolean = ..., shape: Shape = ..., backgroundColor: Color = ..., contentColor: Color = ..., contentPadding: PaddingValues = ..., borderColor: Color = ..., borderWidth: Dp = ..., modifier: Modifier = ..., role: Role = ..., indication: Indication? = ..., interactionSource: MutableInteractionSource? = ..., horizontalArrangement: Arrangement.Horizontal = ..., verticalAlignment: Alignment.Vertical = ..., content: @Composable() ComposableFunction1<RowScope, Unit>): Unit' is deprecated. Use UnstyledButton instead.
2026-09-27T14:20:39.2365944Z w: file:///home/runner/work/NIDO/NIDO/node_modules/expo-dev-launcher/android/src/debug/java/expo/modules/devlauncher/compose/screens/HomeScreen.kt:53:5 'fun Button(onClick: () -> Unit, enabled: Boolean = ..., shape: Shape = ..., backgroundColor: Color = ..., contentColor: Color = ..., contentPadding: PaddingValues = ..., borderColor: Color = ..., borderWidth: Dp = ..., modifier: Modifier = ..., role: Role = ..., indication: Indication? = ..., interactionSource: MutableInteractionSource? = ..., horizontalArrangement: Arrangement.Horizontal = ..., verticalAlignment: Alignment.Vertical = ..., content: @Composable() ComposableFunction1<RowScope, Unit>): Unit' is deprecated. Use UnstyledButton instead.
2026-09-27T14:20:39.2407701Z w: file:///home/runner/work/NIDO/NIDO/node_modules/expo-dev-launcher/android/src/debug/java/expo/modules/devlauncher/compose/screens/SettingsScreen.kt:345:11 'fun TextField(value: String, onValueChange: (String) -> Unit, modifier: Modifier = ..., editable: Boolean = ..., cursorBrush: Brush = ..., textStyle: TextStyle = ..., textAlign: TextAlign = ..., lineHeight: TextUnit = ..., fontSize: TextUnit = ..., letterSpacing: TextUnit = ..., fontWeight: FontWeight? = ..., fontFamily: FontFamily? = ..., singleLine: Boolean = ..., minLines: Int = ..., maxLines: Int = ..., keyboardActions: KeyboardActions = ..., keyboardOptions: KeyboardOptions = ..., visualTransformation: VisualTransformation = ..., interactionSource: MutableInteractionSource? = ..., textColor: Color = ..., content: @Composable() ComposableFunction1<TextFieldScope, Unit>): Unit' is deprecated. This will go to 2.0. Stateless TextFields in Compose do not work correctly in all languages and cause duplication characters and unexpected behaviors.
2026-09-27T14:20:39.2479796Z w: file:///home/runner/work/NIDO/NIDO/node_modules/expo-dev-launcher/android/src/debug/java/expo/modules/devlauncher/compose/ui/ActionButton.kt:32:3 'fun Button(onClick: () -> Unit, enabled: Boolean = ..., shape: Shape = ..., backgroundColor: Color = ..., contentColor: Color = ..., contentPadding: PaddingValues = ..., borderColor: Color = ..., borderWidth: Dp = ..., modifier: Modifier = ..., role: Role = ..., indication: Indication? = ..., interactionSource: MutableInteractionSource? = ..., horizontalArrangement: Arrangement.Horizontal = ..., verticalAlignment: Alignment.Vertical = ..., content: @Composable() ComposableFunction1<RowScope, Unit>): Unit' is deprecated. Use UnstyledButton instead.
2026-09-27T14:20:39.2512732Z w: file:///home/runner/work/NIDO/NIDO/node_modules/expo-dev-launcher/android/src/debug/java/expo/modules/devlauncher/compose/ui/AppHeader.kt:98:7 'fun Button(onClick: () -> Unit, enabled: Boolean = ..., shape: Shape = ..., backgroundColor: Color = ..., contentColor: Color = ..., contentPadding: PaddingValues = ..., borderColor: Color = ..., borderWidth: Dp = ..., modifier: Modifier = ..., role: Role = ..., indication: Indication? = ..., interactionSource: MutableInteractionSource? = ..., horizontalArrangement: Arrangement.Horizontal = ..., verticalAlignment: Alignment.Vertical = ..., content: @Composable() ComposableFunction1<RowScope, Unit>): Unit' is deprecated. Use UnstyledButton instead.
2026-09-27T14:20:39.2526462Z w: file:///home/runner/work/NIDO/NIDO/node_modules/expo-dev-launcher/android/src/debug/java/expo/modules/devlauncher/compose/ui/AppLoadingErrorDialog.kt:35:26 'fun rememberDialogState(initiallyVisible: Boolean = ...): DialogState' is deprecated. This will go away in 2.0. Use Dialog from the com.composeunstyled package.
2026-09-27T14:20:39.2533475Z w: file:///home/runner/work/NIDO/NIDO/node_modules/expo-dev-launcher/android/src/debug/java/expo/modules/devlauncher/compose/ui/AppLoadingErrorDialog.kt:55:3 'fun Dialog(state: DialogState, properties: DialogProperties = ..., onDismiss: () -> Unit = ..., content: @Composable() ComposableFunction1<DialogScope, Unit>): Unit' is deprecated. This will go away in 2.0. Use Dialog from the com.composeunstyled package.
2026-09-27T14:20:39.2583923Z w: file:///home/runner/work/NIDO/NIDO/node_modules/expo-dev-launcher/android/src/debug/java/expo/modules/devlauncher/compose/ui/AppLoadingErrorDialog.kt:56:5 'fun DialogScope.Scrim(modifier: Modifier = ..., scrimColor: Color = ..., enter: EnterTransition = ..., exit: ExitTransition = ...): Unit' is deprecated. This will go away in 2.0. Use Dialog from the com.composeunstyled package.
2026-09-27T14:20:39.2592193Z w: file:///home/runner/work/NIDO/NIDO/node_modules/expo-dev-launcher/android/src/debug/java/expo/modules/devlauncher/compose/ui/AppLoadingErrorDialog.kt:58:5 'fun DialogScope.DialogPanel(modifier: Modifier = ..., enter: EnterTransition = ..., exit: ExitTransition = ..., shape: Shape = ..., backgroundColor: Color = ..., contentColor: Color = ..., contentPadding: PaddingValues = ..., content: @Composable() ComposableFunction0<Unit>): Unit' is deprecated. This will go away in 2.0. Use Dialog from the com.composeunstyled package.
2026-09-27T14:20:39.2648689Z w: file:///home/runner/work/NIDO/NIDO/node_modules/expo-dev-launcher/android/src/debug/java/expo/modules/devlauncher/compose/ui/AppLoadingErrorDialog.kt:81:11 'fun Button(onClick: () -> Unit, enabled: Boolean = ..., shape: Shape = ..., backgroundColor: Color = ..., contentColor: Color = ..., contentPadding: PaddingValues = ..., borderColor: Color = ..., borderWidth: Dp = ..., modifier: Modifier = ..., role: Role = ..., indication: Indication? = ..., interactionSource: MutableInteractionSource? = ..., horizontalArrangement: Arrangement.Horizontal = ..., verticalAlignment: Alignment.Vertical = ..., content: @Composable() ComposableFunction1<RowScope, Unit>): Unit' is deprecated. Use UnstyledButton instead.
2026-09-27T14:20:39.2657102Z w: file:///home/runner/work/NIDO/NIDO/node_modules/expo-dev-launcher/android/src/debug/java/expo/modules/devlauncher/compose/ui/AppLoadingErrorDialog.kt:104:21 'fun rememberDialogState(initiallyVisible: Boolean = ...): DialogState' is deprecated. This will go away in 2.0. Use Dialog from the com.composeunstyled package.
2026-09-27T14:20:39.2667184Z w: file:///home/runner/work/NIDO/NIDO/node_modules/expo-dev-launcher/android/src/debug/java/expo/modules/devlauncher/compose/ui/DevelopmentSession.kt:131:5 'fun Button(onClick: () -> Unit, enabled: Boolean = ..., shape: Shape = ..., backgroundColor: Color = ..., contentColor: Color = ..., contentPadding: PaddingValues = ..., borderColor: Color = ..., borderWidth: Dp = ..., modifier: Modifier = ..., role: Role = ..., indication: Indication? = ..., interactionSource: MutableInteractionSource? = ..., horizontalArrangement: Arrangement.Horizontal = ..., verticalAlignment: Alignment.Vertical = ..., content: @Composable() ComposableFunction1<RowScope, Unit>): Unit' is deprecated. Use UnstyledButton instead.
2026-09-27T14:20:39.2724377Z w: file:///home/runner/work/NIDO/NIDO/node_modules/expo-dev-launcher/android/src/debug/java/expo/modules/devlauncher/compose/ui/FetchDevelopmentServersButton.kt:27:5 'fun Button(onClick: () -> Unit, enabled: Boolean = ..., shape: Shape = ..., backgroundColor: Color = ..., contentColor: Color = ..., contentPadding: PaddingValues = ..., borderColor: Color = ..., borderWidth: Dp = ..., modifier: Modifier = ..., role: Role = ..., indication: Indication? = ..., interactionSource: MutableInteractionSource? = ..., horizontalArrangement: Arrangement.Horizontal = ..., verticalAlignment: Alignment.Vertical = ..., content: @Composable() ComposableFunction1<RowScope, Unit>): Unit' is deprecated. Use UnstyledButton instead.
2026-09-27T14:20:39.2756727Z w: file:///home/runner/work/NIDO/NIDO/node_modules/expo-dev-launcher/android/src/debug/java/expo/modules/devlauncher/compose/ui/RunningAppCard.kt:43:5 'fun Button(onClick: () -> Unit, enabled: Boolean = ..., shape: Shape = ..., backgroundColor: Color = ..., contentColor: Color = ..., contentPadding: PaddingValues = ..., borderColor: Color = ..., borderWidth: Dp = ..., modifier: Modifier = ..., role: Role = ..., indication: Indication? = ..., interactionSource: MutableInteractionSource? = ..., horizontalArrangement: Arrangement.Horizontal = ..., verticalAlignment: Alignment.Vertical = ..., content: @Composable() ComposableFunction1<RowScope, Unit>): Unit' is deprecated. Use UnstyledButton instead.
2026-09-27T14:20:39.2786749Z w: file:///home/runner/work/NIDO/NIDO/node_modules/expo-dev-launcher/android/src/debug/java/expo/modules/devlauncher/compose/ui/ScanQRCodeButton.kt:26:5 'fun Button(onClick: () -> Unit, enabled: Boolean = ..., shape: Shape = ..., backgroundColor: Color = ..., contentColor: Color = ..., contentPadding: PaddingValues = ..., borderColor: Color = ..., borderWidth: Dp = ..., modifier: Modifier = ..., role: Role = ..., indication: Indication? = ..., interactionSource: MutableInteractionSource? = ..., horizontalArrangement: Arrangement.Horizontal = ..., verticalAlignment: Alignment.Vertical = ..., content: @Composable() ComposableFunction1<RowScope, Unit>): Unit' is deprecated. Use UnstyledButton instead.
2026-09-27T14:20:39.2802868Z w: file:///home/runner/work/NIDO/NIDO/node_modules/expo-dev-launcher/android/src/debug/java/expo/modules/devlauncher/compose/ui/ServerUrlInput.kt:62:5 'fun TextField(value: String, onValueChange: (String) -> Unit, modifier: Modifier = ..., editable: Boolean = ..., cursorBrush: Brush = ..., textStyle: TextStyle = ..., textAlign: TextAlign = ..., lineHeight: TextUnit = ..., fontSize: TextUnit = ..., letterSpacing: TextUnit = ..., fontWeight: FontWeight? = ..., fontFamily: FontFamily? = ..., singleLine: Boolean = ..., minLines: Int = ..., maxLines: Int = ..., keyboardActions: KeyboardActions = ..., keyboardOptions: KeyboardOptions = ..., visualTransformation: VisualTransformation = ..., interactionSource: MutableInteractionSource? = ..., textColor: Color = ..., content: @Composable() ComposableFunction1<TextFieldScope, Unit>): Unit' is deprecated. This will go to 2.0. Stateless TextFields in Compose do not work correctly in all languages and cause duplication characters and unexpected behaviors.
2026-09-27T14:20:39.2834931Z w: file:///home/runner/work/NIDO/NIDO/node_modules/expo-dev-launcher/android/src/debug/java/expo/modules/devlauncher/launcher/DevLauncherActivity.kt:10:5 'fun overridePendingTransition(p0: Int, p1: Int): Unit' is deprecated. Deprecated in Java.
2026-09-27T14:20:39.2839603Z w: file:///home/runner/work/NIDO/NIDO/node_modules/expo-dev-launcher/android/src/debug/java/expo/modules/devlauncher/launcher/DevLauncherActivity.kt:24:5 'fun overridePendingTransition(p0: Int, p1: Int): Unit' is deprecated. Deprecated in Java.
2026-09-27T14:20:39.2863816Z w: file:///home/runner/work/NIDO/NIDO/node_modules/expo-dev-launcher/android/src/debug/java/expo/modules/devlauncher/launcher/DevLauncherRecentlyOpenedAppsRegistry.kt:33:47 Unchecked cast of 'MutableMap<Any?, Any?>' to 'MutableMap<String, Any>'.
2026-09-27T14:20:39.2870056Z w: file:///home/runner/work/NIDO/NIDO/node_modules/expo-dev-launcher/android/src/debug/java/expo/modules/devlauncher/launcher/DevLauncherRecentlyOpenedAppsRegistry.kt:51:27 'fun getRawJson(): JSONObject' is deprecated. Prefer to use specific field getters.
2026-09-27T14:20:39.2874526Z w: file:///home/runner/work/NIDO/NIDO/node_modules/expo-dev-launcher/android/src/debug/java/expo/modules/devlauncher/modules/DevLauncherModule.kt:14:29 'fun getRawJson(): JSONObject' is deprecated. Prefer to use specific field getters.
2026-09-27T14:20:39.2880782Z w: file:///home/runner/work/NIDO/NIDO/node_modules/expo-dev-launcher/android/src/debug/java/expo/modules/devlauncher/react/DevLauncherBridgelessDevSupportManager.kt:44:38 This code uses error suppression for 'NOTHING_TO_OVERRIDE'. While it might compile and work, the compiler behavior is UNSPECIFIED and WILL NOT BE PRESERVED. Please report your use case to the Kotlin issue tracker instead: https://kotl.in/issue
2026-09-27T14:20:39.2887072Z w: file:///home/runner/work/NIDO/NIDO/node_modules/expo-dev-launcher/android/src/debug/java/expo/modules/devlauncher/react/DevLauncherDevSupportManagerFactory.kt:16:16 This declaration overrides a deprecated member but is not marked as deprecated itself. Add the '@Deprecated' annotation or suppress the diagnostic.
2026-09-27T14:20:39.2912816Z w: file:///home/runner/work/NIDO/NIDO/node_modules/expo-dev-launcher/android/src/main/java/expo/modules/devlauncher/DevLauncherPackage.kt:15:16 This declaration overrides a deprecated member but is not marked as deprecated itself. Add the '@Deprecated' annotation or suppress the diagnostic.
2026-09-27T14:20:43.6238929Z 
2026-09-27T14:20:43.6249696Z > Task :expo-dev-launcher:compileDebugJavaWithJavac
2026-09-27T14:20:43.7239821Z > Task :expo-dev-launcher:bundleLibCompileToJarDebug
2026-09-27T14:20:50.9238872Z 
2026-09-27T14:20:50.9261124Z > Task :expo:compileDebugKotlin
2026-09-27T14:20:50.9283678Z w: file:///home/runner/work/NIDO/NIDO/node_modules/expo/android/src/main/java/expo/modules/ExpoModulesPackage.kt:34:16 This declaration overrides a deprecated member but is not marked as deprecated itself. Add the '@Deprecated' annotation or suppress the diagnostic.
2026-09-27T14:20:50.9311075Z w: file:///home/runner/work/NIDO/NIDO/node_modules/expo/android/src/main/java/expo/modules/ReactActivityDelegateWrapper.kt:22:8 'class ReactInstanceManager : Any' is deprecated. Deprecated in Java.
2026-09-27T14:20:50.9341706Z w: file:///home/runner/work/NIDO/NIDO/node_modules/expo/android/src/main/java/expo/modules/ReactActivityDelegateWrapper.kt:102:16 This declaration overrides a deprecated member but is not marked as deprecated itself. Add the '@Deprecated' annotation or suppress the diagnostic.
2026-09-27T14:20:50.9348164Z w: file:///home/runner/work/NIDO/NIDO/node_modules/expo/android/src/main/java/expo/modules/ReactActivityDelegateWrapper.kt:102:43 'class ReactInstanceManager : Any' is deprecated. Deprecated in Java.
2026-09-27T14:20:50.9371141Z w: file:///home/runner/work/NIDO/NIDO/node_modules/expo/android/src/main/java/expo/modules/ReactActivityDelegateWrapper.kt:103:21 'val reactInstanceManager: ReactInstanceManager' is deprecated. Deprecated in Java.
2026-09-27T14:20:50.9391171Z w: file:///home/runner/work/NIDO/NIDO/node_modules/expo/android/src/main/java/expo/modules/fetch/ExpoFetchModule.kt:33:39 'constructor(reactContext: ReactContext): ForwardingCookieHandler' is deprecated. Use the default constructor.
2026-09-27T14:20:50.9411461Z w: file:///home/runner/work/NIDO/NIDO/node_modules/expo/android/src/main/java/expo/modules/fetch/NativeResponse.kt:44:16 This declaration overrides a deprecated member but is not marked as deprecated itself. Add the '@Deprecated' annotation or suppress the diagnostic.
2026-09-27T14:20:50.9426613Z w: file:///home/runner/work/NIDO/NIDO/node_modules/expo/android/src/main/java/expo/modules/fetch/NativeResponse.kt:46:11 'fun deallocate(): Unit' is deprecated. Use sharedObjectDidRelease() instead.
2026-09-27T14:20:53.7232779Z 
2026-09-27T14:20:53.7269855Z > Task :expo-dev-launcher:bundleLibRuntimeToJarDebug
2026-09-27T14:20:53.9259608Z > Task :expo:compileDebugJavaWithJavac
2026-09-27T14:20:53.9289524Z > Task :expo:bundleLibCompileToJarDebug
2026-09-27T14:20:54.2257228Z > Task :expo:bundleLibRuntimeToJarDebug
2026-09-27T14:20:56.6233415Z > Task :app:compileDebugKotlin
2026-09-27T14:20:57.6259832Z > Task :app:compileDebugJavaWithJavac
2026-09-27T14:21:00.9236281Z > Task :app:transformDebugClassesWithAsm
2026-09-27T14:21:02.0245848Z > Task :app:dexBuilderDebug
2026-09-27T14:21:02.0279239Z > Task :app:processDebugJavaRes
2026-09-27T14:21:02.0319205Z > Task :bundled-assets:processDebugJavaRes
2026-09-27T14:21:02.0379247Z > Task :download-wake-lock:processDebugJavaRes
2026-09-27T14:21:02.0439238Z > Task :expo:processDebugJavaRes
2026-09-27T14:21:02.0440036Z > Task :expo-constants:processDebugJavaRes
2026-09-27T14:21:02.0479810Z > Task :expo-dev-client:processDebugJavaRes NO-SOURCE
2026-09-27T14:21:02.1592985Z > Task :expo-dev-launcher:processDebugJavaRes
2026-09-27T14:21:02.1634173Z > Task :expo-dev-menu:processDebugJavaRes
2026-09-27T14:21:02.2050006Z > Task :expo-dev-menu-interface:processDebugJavaRes NO-SOURCE
2026-09-27T14:21:02.2131532Z > Task :expo-json-utils:processDebugJavaRes
2026-09-27T14:21:02.2472234Z > Task :expo-log-box:processDebugJavaRes
2026-09-27T14:21:02.2880324Z > Task :expo-manifests:processDebugJavaRes
2026-09-27T14:21:02.2899160Z > Task :expo-modules-core:processDebugJavaRes
2026-09-27T14:21:02.3308885Z > Task :expo-pdf-text-extract:processDebugJavaRes
2026-09-27T14:21:02.3682528Z > Task :expo-sqlite:processDebugJavaRes
2026-09-27T14:21:02.3696119Z > Task :expo-updates-interface:processDebugJavaRes
2026-09-27T14:21:02.3711560Z > Task :nido-p2p:processDebugJavaRes
2026-09-27T14:21:02.3741476Z > Task :ram-monitor:processDebugJavaRes
2026-09-27T14:21:02.3769267Z > Task :voice-input:processDebugJavaRes
2026-09-27T14:21:12.0235234Z > Task :app:mergeDebugGlobalSynthetics
2026-09-27T14:21:12.0265828Z > Task :app:mergeDebugJavaResource
2026-09-27T14:21:12.1619844Z > Task :bundled-assets:mergeDebugJniLibFolders
2026-09-27T14:21:12.3435460Z > Task :app:mergeProjectDexDebug
2026-09-27T14:21:13.6237248Z > Task :app:mergeLibDexDebug
2026-09-27T14:21:13.6269469Z > Task :bundled-assets:mergeDebugNativeLibs NO-SOURCE
2026-09-27T14:21:13.7236447Z > Task :bundled-assets:copyDebugJniLibsProjectOnly
2026-09-27T14:21:13.7254455Z > Task :download-wake-lock:mergeDebugJniLibFolders
2026-09-27T14:21:13.7268590Z > Task :download-wake-lock:mergeDebugNativeLibs NO-SOURCE
2026-09-27T14:21:13.7289311Z > Task :download-wake-lock:copyDebugJniLibsProjectOnly
2026-09-27T14:21:13.7309071Z > Task :expo:mergeDebugJniLibFolders
2026-09-27T14:21:13.7326401Z > Task :expo:mergeDebugNativeLibs NO-SOURCE
2026-09-27T14:21:13.7339470Z > Task :expo:copyDebugJniLibsProjectOnly
2026-09-27T14:21:13.7359157Z > Task :expo-constants:mergeDebugJniLibFolders
2026-09-27T14:21:13.7379379Z > Task :expo-constants:mergeDebugNativeLibs NO-SOURCE
2026-09-27T14:21:13.7393867Z > Task :expo-constants:copyDebugJniLibsProjectOnly
2026-09-27T14:21:13.7410237Z > Task :expo-dev-client:mergeDebugJniLibFolders
2026-09-27T14:21:13.7431381Z > Task :expo-dev-client:mergeDebugNativeLibs NO-SOURCE
2026-09-27T14:21:13.7439233Z > Task :expo-dev-client:copyDebugJniLibsProjectOnly
2026-09-27T14:21:13.7463114Z > Task :expo-dev-launcher:mergeDebugJniLibFolders
2026-09-27T14:21:13.7483919Z > Task :expo-dev-launcher:mergeDebugNativeLibs NO-SOURCE
2026-09-27T14:21:13.7489296Z > Task :expo-dev-launcher:copyDebugJniLibsProjectOnly
2026-09-27T14:21:13.8249661Z > Task :expo-dev-menu:mergeDebugJniLibFolders
2026-09-27T14:21:13.8251094Z > Task :expo-dev-menu:mergeDebugNativeLibs NO-SOURCE
2026-09-27T14:21:13.8269383Z > Task :expo-dev-menu:copyDebugJniLibsProjectOnly
2026-09-27T14:21:13.8289430Z > Task :expo-dev-menu-interface:mergeDebugJniLibFolders
2026-09-27T14:21:13.8299021Z > Task :expo-dev-menu-interface:mergeDebugNativeLibs NO-SOURCE
2026-09-27T14:21:13.8309544Z > Task :expo-dev-menu-interface:copyDebugJniLibsProjectOnly
2026-09-27T14:21:13.8329659Z > Task :expo-json-utils:mergeDebugJniLibFolders
2026-09-27T14:21:13.8349360Z > Task :expo-json-utils:mergeDebugNativeLibs NO-SOURCE
2026-09-27T14:21:13.8369417Z > Task :expo-json-utils:copyDebugJniLibsProjectOnly
2026-09-27T14:21:13.8370593Z > Task :expo-log-box:mergeDebugJniLibFolders
2026-09-27T14:21:13.8389400Z > Task :expo-log-box:mergeDebugNativeLibs NO-SOURCE
2026-09-27T14:21:13.8409272Z > Task :expo-log-box:copyDebugJniLibsProjectOnly
2026-09-27T14:21:13.8429169Z > Task :expo-manifests:mergeDebugJniLibFolders
2026-09-27T14:21:13.8431478Z > Task :expo-manifests:mergeDebugNativeLibs NO-SOURCE
2026-09-27T14:21:13.8449285Z > Task :expo-manifests:copyDebugJniLibsProjectOnly
2026-09-27T14:21:14.3238837Z 
2026-09-27T14:21:14.3242697Z > Task :app:configureCMakeDebug[arm64-v8a]
2026-09-27T14:21:14.3259588Z Checking the license for package CMake 3.22.1 in /usr/local/lib/android/sdk/licenses
2026-09-27T14:21:14.3279203Z License for package CMake 3.22.1 accepted.
2026-09-27T14:21:14.3296395Z Preparing "Install CMake 3.22.1 v.3.22.1".
2026-09-27T14:21:14.4233246Z "Install CMake 3.22.1 v.3.22.1" ready.
2026-09-27T14:21:14.4249603Z Installing CMake 3.22.1 in /usr/local/lib/android/sdk/cmake/3.22.1
2026-09-27T14:21:14.4259305Z "Install CMake 3.22.1 v.3.22.1" complete.
2026-09-27T14:21:14.4279423Z "Install CMake 3.22.1 v.3.22.1" finished.
2026-09-27T14:21:17.1232806Z 
2026-09-27T14:21:17.1256425Z > Task :expo-modules-core:configureCMakeDebug[arm64-v8a]
2026-09-27T14:21:47.1233863Z > Task :expo-modules-core:buildCMakeDebug[arm64-v8a]
2026-09-27T14:21:47.3265378Z > Task :app:buildCMakeDebug[arm64-v8a]
2026-09-27T14:22:37.7234078Z > Task :app:mergeDebugJniLibFolders
2026-09-27T14:22:37.7269762Z > Task :expo-pdf-text-extract:mergeDebugJniLibFolders
2026-09-27T14:22:37.7288890Z > Task :expo-pdf-text-extract:mergeDebugNativeLibs NO-SOURCE
2026-09-27T14:22:37.7328732Z > Task :expo-pdf-text-extract:copyDebugJniLibsProjectOnly
2026-09-27T14:22:38.5258996Z 
2026-09-27T14:22:38.5280128Z > Task :expo-modules-core:buildCMakeDebug[arm64-v8a]
2026-09-27T14:22:38.5318933Z C/C++: ninja: Entering directory `/home/runner/work/NIDO/NIDO/node_modules/expo-modules-core/android/.cxx/Debug/2f564i2x/arm64-v8a'
2026-09-27T14:22:38.5378765Z C/C++: /home/runner/work/NIDO/NIDO/node_modules/expo-modules-core/android/src/main/cpp/fabric/ExpoComponentDescriptorFactory.cpp:17:5: warning: 'RawPropsParser' is deprecated [-Wdeprecated-declarations]
2026-09-27T14:22:38.5419379Z C/C++:    17 |     react::RawPropsParser(/*useRawPropsJsiValue=*/true)
2026-09-27T14:22:38.5427396Z C/C++:       |     ^
2026-09-27T14:22:38.5431457Z C/C++: /home/runner/.gradle/caches/9.3.1/transforms/d303380a716950c3baf3595ef0ce6ffa/transformed/react-android-0.86.3-debug/prefab/modules/reactnative/include/react/renderer/core/RawPropsParser.h:31:5: note: 'RawPropsParser' has been explicitly marked deprecated here
2026-09-27T14:22:38.5436721Z C/C++:    31 |   [[deprecated]] explicit RawPropsParser(bool /* ignored */) : RawPropsParser() {}
2026-09-27T14:22:38.5439887Z C/C++:       |     ^
2026-09-27T14:22:38.5448948Z C/C++: 1 warning generated.
2026-09-27T14:22:41.8279051Z 
2026-09-27T14:22:41.8318659Z > Task :expo-sqlite:configureCMakeDebug[arm64-v8a]
2026-09-27T14:22:50.1243331Z > Task :expo-modules-core:mergeDebugJniLibFolders
2026-09-27T14:22:50.2235866Z > Task :expo-modules-core:mergeDebugNativeLibs
2026-09-27T14:22:50.3278800Z > Task :expo-modules-core:copyDebugJniLibsProjectOnly
2026-09-27T14:22:50.3280135Z > Task :expo-updates-interface:mergeDebugJniLibFolders
2026-09-27T14:22:50.3300191Z > Task :expo-updates-interface:mergeDebugNativeLibs NO-SOURCE
2026-09-27T14:22:50.3339548Z > Task :expo-updates-interface:copyDebugJniLibsProjectOnly
2026-09-27T14:22:52.5241708Z 
2026-09-27T14:22:52.5288756Z > Task :llama.rn:configureCMakeDebug[arm64-v8a]
2026-09-27T14:22:52.5290186Z C/C++: CMake Warning at rnllama/CMakeLists.txt:149 (message):
2026-09-27T14:22:52.5299743Z C/C++:   Hexagon SDK not found.  Hexagon backend will not be built.
2026-09-27T14:22:52.5319390Z C/C++: Call Stack (most recent call first):
2026-09-27T14:22:52.5338855Z C/C++:   rnllama/CMakeLists.txt:232 (build_rnllama_library)
2026-09-27T14:23:02.1288912Z 
2026-09-27T14:23:02.1319796Z > Task :expo-sqlite:buildCMakeDebug[arm64-v8a]
2026-09-27T14:23:02.1359545Z > Task :expo-sqlite:mergeDebugJniLibFolders
2026-09-27T14:23:02.3249741Z > Task :expo-sqlite:mergeDebugNativeLibs
2026-09-27T14:23:02.4249874Z > Task :expo-sqlite:copyDebugJniLibsProjectOnly
2026-09-27T14:23:02.4304894Z > Task :nido-p2p:mergeDebugJniLibFolders
2026-09-27T14:23:02.4363897Z > Task :nido-p2p:mergeDebugNativeLibs NO-SOURCE
2026-09-27T14:23:02.4420159Z > Task :nido-p2p:copyDebugJniLibsProjectOnly
2026-09-27T14:23:02.4481291Z > Task :ram-monitor:mergeDebugJniLibFolders
2026-09-27T14:23:02.4539557Z > Task :ram-monitor:mergeDebugNativeLibs NO-SOURCE
2026-09-27T14:23:02.4560200Z > Task :ram-monitor:copyDebugJniLibsProjectOnly
2026-09-27T14:23:02.4613408Z > Task :react-native-safe-area-context:mergeDebugJniLibFolders
2026-09-27T14:23:02.4669247Z > Task :react-native-safe-area-context:mergeDebugNativeLibs NO-SOURCE
2026-09-27T14:23:02.4698609Z > Task :react-native-safe-area-context:copyDebugJniLibsProjectOnly
2026-09-27T14:23:02.5239642Z > Task :voice-input:mergeDebugJniLibFolders
2026-09-27T14:23:02.5260952Z > Task :voice-input:mergeDebugNativeLibs NO-SOURCE
2026-09-27T14:23:02.5299379Z > Task :voice-input:copyDebugJniLibsProjectOnly
2026-09-27T14:23:02.5389311Z > Task :app:validateSigningDebug
2026-09-27T14:23:02.5411029Z > Task :app:writeDebugAppMetadata
2026-09-27T14:23:02.5449294Z > Task :app:writeDebugSigningConfigVersions
2026-09-27T14:23:02.5489461Z > Task :bundled-assets:stripDebugDebugSymbols NO-SOURCE
2026-09-27T14:23:02.5549387Z > Task :bundled-assets:copyDebugJniLibsProjectAndLocalJars
2026-09-27T14:23:18.1279400Z > Task :bundled-assets:extractDebugAnnotations
2026-09-27T14:23:18.1293291Z > Task :bundled-assets:extractDeepLinksForAarDebug
2026-09-27T14:23:18.1320955Z > Task :bundled-assets:mergeDebugGeneratedProguardFiles
2026-09-27T14:23:18.1359717Z > Task :bundled-assets:mergeDebugConsumerProguardFiles
2026-09-27T14:23:18.1413763Z > Task :bundled-assets:prepareDebugArtProfile
2026-09-27T14:23:18.2268993Z > Task :bundled-assets:prepareLintJarForPublish
2026-09-27T14:23:18.3245152Z > Task :bundled-assets:mergeDebugJavaResource
2026-09-27T14:23:18.4272269Z > Task :bundled-assets:syncDebugLibJars
2026-09-27T14:23:18.5298778Z > Task :bundled-assets:bundleDebugAar
2026-09-27T14:23:18.5304452Z > Task :bundled-assets:assembleDebug
2026-09-27T14:23:18.5305588Z > Task :download-wake-lock:stripDebugDebugSymbols NO-SOURCE
2026-09-27T14:23:18.5309690Z > Task :download-wake-lock:copyDebugJniLibsProjectAndLocalJars
2026-09-27T14:23:18.5313554Z > Task :download-wake-lock:extractDebugAnnotations
2026-09-27T14:23:18.5317493Z > Task :download-wake-lock:extractDeepLinksForAarDebug
2026-09-27T14:23:18.6268294Z > Task :download-wake-lock:mergeDebugGeneratedProguardFiles
2026-09-27T14:23:18.6296950Z > Task :download-wake-lock:mergeDebugConsumerProguardFiles
2026-09-27T14:23:18.6390237Z > Task :download-wake-lock:prepareDebugArtProfile
2026-09-27T14:23:18.6400673Z > Task :download-wake-lock:prepareLintJarForPublish
2026-09-27T14:23:18.6403816Z > Task :download-wake-lock:mergeDebugJavaResource
2026-09-27T14:23:18.7268928Z > Task :download-wake-lock:syncDebugLibJars
2026-09-27T14:23:18.7279513Z > Task :download-wake-lock:bundleDebugAar
2026-09-27T14:23:18.7300398Z > Task :download-wake-lock:assembleDebug
2026-09-27T14:23:18.7339739Z > Task :expo:stripDebugDebugSymbols NO-SOURCE
2026-09-27T14:23:18.7374888Z > Task :expo:copyDebugJniLibsProjectAndLocalJars
2026-09-27T14:23:18.8258816Z > Task :expo:extractDebugAnnotations
2026-09-27T14:23:18.8289013Z > Task :expo:extractDeepLinksForAarDebug
2026-09-27T14:23:18.8297194Z > Task :expo:mergeDebugGeneratedProguardFiles
2026-09-27T14:23:18.8332706Z > Task :expo:mergeDebugConsumerProguardFiles
2026-09-27T14:23:18.8351544Z > Task :expo:prepareDebugArtProfile
2026-09-27T14:23:18.8377001Z > Task :expo:prepareLintJarForPublish
2026-09-27T14:23:18.9265519Z > Task :expo:mergeDebugJavaResource
2026-09-27T14:23:19.3272382Z > Task :expo:syncDebugLibJars
2026-09-27T14:23:19.3275930Z > Task :expo:bundleDebugAar
2026-09-27T14:23:19.3291482Z > Task :expo:assembleDebug
2026-09-27T14:23:19.3305463Z > Task :expo-constants:stripDebugDebugSymbols NO-SOURCE
2026-09-27T14:23:19.3341513Z > Task :expo-constants:copyDebugJniLibsProjectAndLocalJars
2026-09-27T14:23:19.4253405Z > Task :expo-constants:extractDebugAnnotations
2026-09-27T14:23:19.4298745Z > Task :expo-constants:extractDeepLinksForAarDebug
2026-09-27T14:23:19.4308141Z > Task :expo-constants:mergeDebugGeneratedProguardFiles
2026-09-27T14:23:19.4351541Z > Task :expo-constants:mergeDebugConsumerProguardFiles
2026-09-27T14:23:19.4379656Z > Task :expo-constants:prepareDebugArtProfile
2026-09-27T14:23:19.4448991Z > Task :expo-constants:prepareLintJarForPublish
2026-09-27T14:23:19.4459897Z > Task :expo-constants:mergeDebugJavaResource
2026-09-27T14:23:19.4461085Z > Task :expo-constants:syncDebugLibJars
2026-09-27T14:23:19.4512972Z > Task :expo-constants:bundleDebugAar
2026-09-27T14:23:19.4548072Z > Task :expo-constants:assembleDebug
2026-09-27T14:23:19.4594099Z > Task :expo-dev-client:stripDebugDebugSymbols NO-SOURCE
2026-09-27T14:23:19.4629028Z > Task :expo-dev-client:copyDebugJniLibsProjectAndLocalJars
2026-09-27T14:23:19.5274560Z > Task :expo-dev-client:extractDebugAnnotations
2026-09-27T14:23:19.5299556Z > Task :expo-dev-client:extractDeepLinksForAarDebug
2026-09-27T14:23:19.5329597Z > Task :expo-dev-client:mergeDebugGeneratedProguardFiles
2026-09-27T14:23:19.5369854Z > Task :expo-dev-client:mergeDebugConsumerProguardFiles
2026-09-27T14:23:19.5412699Z > Task :expo-dev-client:prepareDebugArtProfile
2026-09-27T14:23:19.5426387Z > Task :expo-dev-client:prepareLintJarForPublish
2026-09-27T14:23:19.5458824Z > Task :expo-dev-client:mergeDebugJavaResource
2026-09-27T14:23:19.5480695Z > Task :expo-dev-client:syncDebugLibJars
2026-09-27T14:23:19.5500812Z > Task :expo-dev-client:bundleDebugAar
2026-09-27T14:23:19.5548694Z > Task :expo-dev-client:assembleDebug
2026-09-27T14:23:19.5559301Z > Task :expo-dev-launcher:stripDebugDebugSymbols NO-SOURCE
2026-09-27T14:23:19.5621933Z > Task :expo-dev-launcher:copyDebugJniLibsProjectAndLocalJars
2026-09-27T14:23:19.6269219Z > Task :expo-dev-launcher:extractDebugAnnotations
2026-09-27T14:23:19.6275229Z > Task :expo-dev-launcher:extractDeepLinksForAarDebug
2026-09-27T14:23:19.6276668Z > Task :expo-dev-launcher:mergeDebugGeneratedProguardFiles
2026-09-27T14:23:19.6287905Z > Task :expo-dev-launcher:mergeDebugConsumerProguardFiles
2026-09-27T14:23:19.6304649Z > Task :expo-dev-launcher:prepareDebugArtProfile
2026-09-27T14:23:19.6336428Z > Task :expo-dev-launcher:prepareLintJarForPublish
2026-09-27T14:23:19.6352043Z > Task :expo-dev-launcher:mergeDebugJavaResource
2026-09-27T14:23:20.4243261Z > Task :expo-dev-launcher:syncDebugLibJars
2026-09-27T14:23:20.6265524Z > Task :expo-dev-launcher:bundleDebugAar
2026-09-27T14:23:20.6318930Z > Task :expo-dev-launcher:assembleDebug
2026-09-27T14:23:20.6359480Z > Task :expo-dev-menu:stripDebugDebugSymbols NO-SOURCE
2026-09-27T14:23:20.6370027Z > Task :expo-dev-menu:copyDebugJniLibsProjectAndLocalJars
2026-09-27T14:23:20.6409465Z > Task :expo-dev-menu:extractDebugAnnotations
2026-09-27T14:23:20.6441876Z > Task :expo-dev-menu:extractDeepLinksForAarDebug
2026-09-27T14:23:20.6478026Z > Task :expo-dev-menu:mergeDebugGeneratedProguardFiles
2026-09-27T14:23:20.6519482Z > Task :expo-dev-menu:mergeDebugConsumerProguardFiles
2026-09-27T14:23:20.6522572Z > Task :expo-dev-menu:prepareDebugArtProfile
2026-09-27T14:23:20.6572017Z > Task :expo-dev-menu:prepareLintJarForPublish
2026-09-27T14:23:20.7280573Z > Task :expo-dev-menu:mergeDebugJavaResource
2026-09-27T14:23:21.0250837Z > Task :expo-dev-menu:syncDebugLibJars
2026-09-27T14:23:21.4265464Z > Task :expo-dev-menu:bundleDebugAar
2026-09-27T14:23:21.4388919Z > Task :expo-dev-menu:assembleDebug
2026-09-27T14:23:21.4419574Z > Task :expo-dev-menu-interface:stripDebugDebugSymbols NO-SOURCE
2026-09-27T14:23:21.5237387Z > Task :expo-dev-menu-interface:copyDebugJniLibsProjectAndLocalJars
2026-09-27T14:23:21.5266963Z > Task :expo-dev-menu-interface:extractDebugAnnotations
2026-09-27T14:23:21.5331698Z > Task :expo-dev-menu-interface:extractDeepLinksForAarDebug
2026-09-27T14:23:21.5378821Z > Task :expo-dev-menu-interface:mergeDebugGeneratedProguardFiles
2026-09-27T14:23:21.5418770Z > Task :expo-dev-menu-interface:mergeDebugConsumerProguardFiles
2026-09-27T14:23:21.5443724Z > Task :expo-dev-menu-interface:prepareDebugArtProfile
2026-09-27T14:23:21.5489414Z > Task :expo-dev-menu-interface:prepareLintJarForPublish
2026-09-27T14:23:21.6250966Z > Task :expo-dev-menu-interface:mergeDebugJavaResource
2026-09-27T14:23:21.6359114Z > Task :expo-dev-menu-interface:syncDebugLibJars
2026-09-27T14:23:21.6362911Z > Task :expo-dev-menu-interface:bundleDebugAar
2026-09-27T14:23:21.6418750Z > Task :expo-dev-menu-interface:assembleDebug
2026-09-27T14:23:21.6448952Z > Task :expo-json-utils:stripDebugDebugSymbols NO-SOURCE
2026-09-27T14:23:21.6491696Z > Task :expo-json-utils:copyDebugJniLibsProjectAndLocalJars
2026-09-27T14:23:21.6510979Z > Task :expo-json-utils:extractDebugAnnotations
2026-09-27T14:23:21.6559084Z > Task :expo-json-utils:extractDeepLinksForAarDebug
2026-09-27T14:23:21.6602527Z > Task :expo-json-utils:mergeDebugGeneratedProguardFiles
2026-09-27T14:23:21.7234633Z > Task :expo-json-utils:mergeDebugConsumerProguardFiles
2026-09-27T14:23:21.7257994Z > Task :expo-json-utils:prepareDebugArtProfile
2026-09-27T14:23:21.7283736Z > Task :expo-json-utils:prepareLintJarForPublish
2026-09-27T14:23:21.7339603Z > Task :expo-json-utils:mergeDebugJavaResource
2026-09-27T14:23:21.7379271Z > Task :expo-json-utils:syncDebugLibJars
2026-09-27T14:23:21.7429985Z > Task :expo-json-utils:bundleDebugAar
2026-09-27T14:23:21.7458187Z > Task :expo-json-utils:assembleDebug
2026-09-27T14:23:21.7459931Z > Task :expo-log-box:stripDebugDebugSymbols NO-SOURCE
2026-09-27T14:23:21.7508661Z > Task :expo-log-box:copyDebugJniLibsProjectAndLocalJars
2026-09-27T14:23:21.8233583Z > Task :expo-log-box:extractDebugAnnotations
2026-09-27T14:23:21.8278870Z > Task :expo-log-box:extractDeepLinksForAarDebug
2026-09-27T14:23:21.8298662Z > Task :expo-log-box:mergeDebugGeneratedProguardFiles
2026-09-27T14:23:21.8319709Z > Task :expo-log-box:mergeDebugConsumerProguardFiles
2026-09-27T14:23:21.8359434Z > Task :expo-log-box:prepareDebugArtProfile
2026-09-27T14:23:21.8399255Z > Task :expo-log-box:prepareLintJarForPublish
2026-09-27T14:23:21.8419299Z > Task :expo-log-box:mergeDebugJavaResource
2026-09-27T14:23:21.9250963Z > Task :expo-log-box:syncDebugLibJars
2026-09-27T14:23:21.9343472Z > Task :expo-log-box:bundleDebugAar
2026-09-27T14:23:21.9459397Z > Task :expo-log-box:assembleDebug
2026-09-27T14:23:21.9489639Z > Task :expo-manifests:stripDebugDebugSymbols NO-SOURCE
2026-09-27T14:23:21.9506183Z > Task :expo-manifests:copyDebugJniLibsProjectAndLocalJars
2026-09-27T14:23:21.9509324Z > Task :expo-manifests:extractDebugAnnotations
2026-09-27T14:23:21.9510499Z > Task :expo-manifests:extractDeepLinksForAarDebug
2026-09-27T14:23:21.9513834Z > Task :expo-manifests:mergeDebugGeneratedProguardFiles
2026-09-27T14:23:21.9516906Z > Task :expo-manifests:mergeDebugConsumerProguardFiles
2026-09-27T14:23:21.9549007Z > Task :expo-manifests:prepareDebugArtProfile
2026-09-27T14:23:21.9560021Z > Task :expo-manifests:prepareLintJarForPublish
2026-09-27T14:23:22.0262322Z > Task :expo-manifests:mergeDebugJavaResource
2026-09-27T14:23:22.0348797Z > Task :expo-manifests:syncDebugLibJars
2026-09-27T14:23:22.0361665Z > Task :expo-manifests:bundleDebugAar
2026-09-27T14:23:22.0432748Z > Task :expo-manifests:assembleDebug
2026-09-27T14:23:22.3248792Z > Task :expo-modules-core:stripDebugDebugSymbols
2026-09-27T14:23:22.4239917Z > Task :expo-modules-core:copyDebugJniLibsProjectAndLocalJars
2026-09-27T14:23:22.4273421Z > Task :expo-modules-core:extractDebugAnnotations
2026-09-27T14:23:22.4322373Z > Task :expo-modules-core:extractDeepLinksForAarDebug
2026-09-27T14:23:22.5250075Z > Task :expo-modules-core:mergeDebugGeneratedProguardFiles
2026-09-27T14:23:22.5281666Z > Task :expo-modules-core:mergeDebugConsumerProguardFiles
2026-09-27T14:23:22.5299455Z > Task :expo-modules-core:prepareDebugArtProfile
2026-09-27T14:23:22.5318957Z > Task :expo-modules-core:prepareLintJarForPublish
2026-09-27T14:23:22.5341524Z > Task :expo-modules-core:mergeDebugJavaResource
2026-09-27T14:23:23.8254896Z > Task :expo-modules-core:syncDebugLibJars
2026-09-27T14:23:24.2268900Z > Task :expo-modules-core:bundleDebugAar
2026-09-27T14:23:24.2289827Z > Task :llama.rn:buildCMakeDebug[arm64-v8a]
2026-09-27T14:23:24.3247311Z > Task :expo-modules-core:assembleDebug
2026-09-27T14:23:24.3305918Z > Task :expo-pdf-text-extract:stripDebugDebugSymbols NO-SOURCE
2026-09-27T14:23:24.3370041Z > Task :expo-pdf-text-extract:copyDebugJniLibsProjectAndLocalJars
2026-09-27T14:23:24.3381759Z > Task :expo-pdf-text-extract:extractDebugAnnotations
2026-09-27T14:23:24.3400019Z > Task :expo-pdf-text-extract:extractDeepLinksForAarDebug
2026-09-27T14:23:24.3441186Z > Task :expo-pdf-text-extract:mergeDebugGeneratedProguardFiles
2026-09-27T14:23:24.3505224Z > Task :expo-pdf-text-extract:mergeDebugConsumerProguardFiles
2026-09-27T14:23:24.3551727Z > Task :expo-pdf-text-extract:prepareDebugArtProfile
2026-09-27T14:23:24.3557095Z > Task :expo-pdf-text-extract:prepareLintJarForPublish
2026-09-27T14:23:24.3600198Z > Task :expo-pdf-text-extract:mergeDebugJavaResource
2026-09-27T14:23:24.3649964Z > Task :expo-pdf-text-extract:syncDebugLibJars
2026-09-27T14:23:24.4282664Z > Task :expo-pdf-text-extract:bundleDebugAar
2026-09-27T14:23:24.4369394Z > Task :expo-pdf-text-extract:assembleDebug
2026-09-27T14:23:24.5239800Z > Task :expo-sqlite:stripDebugDebugSymbols
2026-09-27T14:23:24.6242688Z > Task :expo-sqlite:copyDebugJniLibsProjectAndLocalJars
2026-09-27T14:23:24.6260320Z > Task :expo-sqlite:extractDebugAnnotations
2026-09-27T14:23:24.6299423Z > Task :expo-sqlite:extractDeepLinksForAarDebug
2026-09-27T14:23:24.6313677Z > Task :expo-sqlite:mergeDebugGeneratedProguardFiles
2026-09-27T14:23:24.7246104Z > Task :expo-sqlite:mergeDebugConsumerProguardFiles
2026-09-27T14:23:24.7269888Z > Task :expo-sqlite:prepareDebugArtProfile
2026-09-27T14:23:24.7291188Z > Task :expo-sqlite:prepareLintJarForPublish
2026-09-27T14:23:24.7309388Z > Task :expo-sqlite:mergeDebugJavaResource
2026-09-27T14:23:24.9253327Z > Task :expo-sqlite:syncDebugLibJars
2026-09-27T14:23:26.1238927Z > Task :expo-sqlite:bundleDebugAar
2026-09-27T14:23:26.2433651Z > Task :expo-sqlite:assembleDebug
2026-09-27T14:23:26.2434754Z > Task :expo-updates-interface:stripDebugDebugSymbols NO-SOURCE
2026-09-27T14:23:26.2435929Z > Task :expo-updates-interface:copyDebugJniLibsProjectAndLocalJars
2026-09-27T14:23:26.2437413Z > Task :expo-updates-interface:extractDebugAnnotations
2026-09-27T14:23:26.2438685Z > Task :expo-updates-interface:extractDeepLinksForAarDebug
2026-09-27T14:23:26.2439836Z > Task :expo-updates-interface:mergeDebugGeneratedProguardFiles
2026-09-27T14:23:26.2440962Z > Task :expo-updates-interface:mergeDebugConsumerProguardFiles
2026-09-27T14:23:26.2442176Z > Task :expo-updates-interface:prepareDebugArtProfile
2026-09-27T14:23:26.2455576Z > Task :expo-updates-interface:prepareLintJarForPublish
2026-09-27T14:23:26.2499285Z > Task :expo-updates-interface:mergeDebugJavaResource
2026-09-27T14:23:26.2539417Z > Task :expo-updates-interface:syncDebugLibJars
2026-09-27T14:23:26.2589575Z > Task :expo-updates-interface:bundleDebugAar
2026-09-27T14:23:26.2629169Z > Task :expo-updates-interface:assembleDebug
2026-09-27T14:23:26.2689252Z > Task :nido-p2p:stripDebugDebugSymbols NO-SOURCE
2026-09-27T14:23:26.2749312Z > Task :nido-p2p:copyDebugJniLibsProjectAndLocalJars
2026-09-27T14:23:26.3239464Z > Task :nido-p2p:extractDebugAnnotations
2026-09-27T14:23:26.3279315Z > Task :nido-p2p:extractDeepLinksForAarDebug
2026-09-27T14:23:26.3319316Z > Task :nido-p2p:mergeDebugGeneratedProguardFiles
2026-09-27T14:23:26.3339245Z > Task :nido-p2p:mergeDebugConsumerProguardFiles
2026-09-27T14:23:26.3386845Z > Task :nido-p2p:prepareDebugArtProfile
2026-09-27T14:23:26.3439183Z > Task :nido-p2p:prepareLintJarForPublish
2026-09-27T14:23:26.3459140Z > Task :nido-p2p:mergeDebugJavaResource
2026-09-27T14:23:26.4269407Z > Task :nido-p2p:syncDebugLibJars
2026-09-27T14:23:26.4289148Z > Task :nido-p2p:bundleDebugAar
2026-09-27T14:23:26.4325981Z > Task :nido-p2p:assembleDebug
2026-09-27T14:23:26.4361886Z > Task :ram-monitor:stripDebugDebugSymbols NO-SOURCE
2026-09-27T14:23:26.4419459Z > Task :ram-monitor:copyDebugJniLibsProjectAndLocalJars
2026-09-27T14:23:26.5252807Z > Task :ram-monitor:extractDebugAnnotations
2026-09-27T14:23:26.5273595Z > Task :ram-monitor:extractDeepLinksForAarDebug
2026-09-27T14:23:26.5312090Z > Task :ram-monitor:mergeDebugGeneratedProguardFiles
2026-09-27T14:23:26.5364843Z > Task :ram-monitor:mergeDebugConsumerProguardFiles
2026-09-27T14:23:26.5427625Z > Task :ram-monitor:prepareDebugArtProfile
2026-09-27T14:23:26.5459303Z > Task :ram-monitor:prepareLintJarForPublish
2026-09-27T14:23:26.5470358Z > Task :ram-monitor:mergeDebugJavaResource
2026-09-27T14:23:26.5509952Z > Task :ram-monitor:syncDebugLibJars
2026-09-27T14:23:26.5549931Z > Task :ram-monitor:bundleDebugAar
2026-09-27T14:23:26.5569214Z > Task :ram-monitor:assembleDebug
2026-09-27T14:23:26.5639677Z > Task :react-native-safe-area-context:stripDebugDebugSymbols NO-SOURCE
2026-09-27T14:23:26.5669555Z > Task :react-native-safe-area-context:copyDebugJniLibsProjectAndLocalJars
2026-09-27T14:23:26.6249919Z > Task :react-native-safe-area-context:extractDebugAnnotations
2026-09-27T14:23:26.6289622Z > Task :react-native-safe-area-context:extractDeepLinksForAarDebug
2026-09-27T14:23:26.6309487Z > Task :react-native-safe-area-context:mergeDebugGeneratedProguardFiles
2026-09-27T14:23:26.6361761Z > Task :react-native-safe-area-context:mergeDebugConsumerProguardFiles
2026-09-27T14:23:26.6369306Z > Task :react-native-safe-area-context:prepareDebugArtProfile
2026-09-27T14:23:26.6423470Z > Task :react-native-safe-area-context:prepareLintJarForPublish
2026-09-27T14:23:26.6457488Z > Task :react-native-safe-area-context:mergeDebugJavaResource
2026-09-27T14:23:26.7237377Z > Task :react-native-safe-area-context:syncDebugLibJars
2026-09-27T14:23:26.8262647Z > Task :react-native-safe-area-context:bundleDebugAar
2026-09-27T14:23:26.8299395Z > Task :react-native-safe-area-context:assembleDebug
2026-09-27T14:23:26.8349369Z > Task :voice-input:stripDebugDebugSymbols NO-SOURCE
2026-09-27T14:23:26.8379108Z > Task :voice-input:copyDebugJniLibsProjectAndLocalJars
2026-09-27T14:23:26.8389324Z > Task :voice-input:extractDebugAnnotations
2026-09-27T14:23:26.8469236Z > Task :voice-input:extractDeepLinksForAarDebug
2026-09-27T14:23:26.8495703Z > Task :voice-input:mergeDebugGeneratedProguardFiles
2026-09-27T14:23:26.8509270Z > Task :voice-input:mergeDebugConsumerProguardFiles
2026-09-27T14:23:26.8549178Z > Task :voice-input:prepareDebugArtProfile
2026-09-27T14:23:26.8609264Z > Task :voice-input:prepareLintJarForPublish
2026-09-27T14:23:26.8629168Z > Task :voice-input:mergeDebugJavaResource
2026-09-27T14:23:26.9247642Z > Task :voice-input:syncDebugLibJars
2026-09-27T14:23:26.9279328Z > Task :voice-input:bundleDebugAar
2026-09-27T14:23:26.9319157Z > Task :voice-input:assembleDebug
2026-09-27T14:32:04.6249870Z 
2026-09-27T14:32:04.6269609Z > Task :llama.rn:buildCMakeDebug[arm64-v8a]
2026-09-27T14:32:04.6290222Z C/C++: ninja: Entering directory `/home/runner/work/NIDO/NIDO/node_modules/llama.rn/android/.cxx/Debug/1y4h6c48/arm64-v8a'
2026-09-27T14:32:04.6293579Z C/C++: /home/runner/work/NIDO/NIDO/node_modules/llama.rn/vendor/codec.cpp/src/lm/residual_depth_ar.cpp:759:5: warning: 'ggml_mul_mat_set_prec' is deprecated: use ggml_prec_set_acc() instead [-Wdeprecated-declarations]
2026-09-27T14:32:04.6319503Z C/C++:   759 |     ggml_mul_mat_set_prec(logits, GGML_PREC_F32);
2026-09-27T14:32:04.6339124Z C/C++:       |     ^
2026-09-27T14:32:04.6341291Z C/C++: /home/runner/work/NIDO/NIDO/node_modules/llama.rn/vendor/llama.cpp/ggml/include/ggml.h:1489:5: note: 'ggml_mul_mat_set_prec' has been explicitly marked deprecated here
2026-09-27T14:32:04.6359565Z C/C++:  1489 |     GGML_DEPRECATED(GGML_API void ggml_mul_mat_set_prec(
2026-09-27T14:32:04.6379626Z C/C++:       |     ^
2026-09-27T14:32:04.6400133Z C/C++: /home/runner/work/NIDO/NIDO/node_modules/llama.rn/vendor/llama.cpp/ggml/include/ggml.h:192:61: note: expanded from macro 'GGML_DEPRECATED'
2026-09-27T14:32:04.6419748Z C/C++:   192 | #    define GGML_DEPRECATED(func, hint) func __attribute__((deprecated(hint)))
2026-09-27T14:32:04.6421298Z C/C++:       |                                                             ^
2026-09-27T14:32:04.6439199Z C/C++: 1 warning generated.
2026-09-27T14:32:16.8241328Z C/C++: /home/runner/work/NIDO/NIDO/node_modules/llama.rn/vendor/codec.cpp/src/ops/lm_attn.cpp:315:9: warning: 'ggml_mul_mat_set_prec' is deprecated: use ggml_prec_set_acc() instead [-Wdeprecated-declarations]
2026-09-27T14:32:16.8259330Z C/C++:   315 |         ggml_mul_mat_set_prec(y, GGML_PREC_F32);
2026-09-27T14:32:16.8269173Z C/C++:       |         ^
2026-09-27T14:32:16.8280676Z C/C++: /home/runner/work/NIDO/NIDO/node_modules/llama.rn/vendor/llama.cpp/ggml/include/ggml.h:1489:5: note: 'ggml_mul_mat_set_prec' has been explicitly marked deprecated here
2026-09-27T14:32:16.8299571Z C/C++:  1489 |     GGML_DEPRECATED(GGML_API void ggml_mul_mat_set_prec(
2026-09-27T14:32:16.8319154Z C/C++:       |     ^
2026-09-27T14:32:16.8340365Z C/C++: /home/runner/work/NIDO/NIDO/node_modules/llama.rn/vendor/llama.cpp/ggml/include/ggml.h:192:61: note: expanded from macro 'GGML_DEPRECATED'
2026-09-27T14:32:16.8342553Z C/C++:   192 | #    define GGML_DEPRECATED(func, hint) func __attribute__((deprecated(hint)))
2026-09-27T14:32:16.8359579Z C/C++:       |                                                             ^
2026-09-27T14:32:16.8379245Z C/C++: 1 warning generated.
2026-09-27T14:32:51.8234992Z C/C++: /home/runner/work/NIDO/NIDO/node_modules/llama.rn/cpp/rn-tts.cpp:276:31: warning: 'codecvt_utf8<char32_t>' is deprecated [-Wdeprecated-declarations]
2026-09-27T14:32:51.8252674Z C/C++:   276 |     std::wstring_convert<std::codecvt_utf8<char32_t>, char32_t> converter;
2026-09-27T14:32:51.8263516Z C/C++:       |                               ^
2026-09-27T14:32:51.8281937Z C/C++: /usr/local/lib/android/sdk/ndk/27.1.12297006/toolchains/llvm/prebuilt/linux-x86_64/sysroot/usr/include/c++/v1/codecvt:194:28: note: 'codecvt_utf8<char32_t>' has been explicitly marked deprecated here
2026-09-27T14:32:51.8300123Z C/C++:   194 | class _LIBCPP_TEMPLATE_VIS _LIBCPP_DEPRECATED_IN_CXX17 codecvt_utf8 : public __codecvt_utf8<_Elem> {
2026-09-27T14:32:51.8319184Z C/C++:       |                            ^
2026-09-27T14:32:51.8340655Z C/C++: /usr/local/lib/android/sdk/ndk/27.1.12297006/toolchains/llvm/prebuilt/linux-x86_64/sysroot/usr/include/c++/v1/__config:942:41: note: expanded from macro '_LIBCPP_DEPRECATED_IN_CXX17'
2026-09-27T14:32:51.8379375Z C/C++:   942 | #    define _LIBCPP_DEPRECATED_IN_CXX17 _LIBCPP_DEPRECATED
2026-09-27T14:32:51.8399352Z C/C++:       |                                         ^
2026-09-27T14:32:51.8420518Z C/C++: /usr/local/lib/android/sdk/ndk/27.1.12297006/toolchains/llvm/prebuilt/linux-x86_64/sysroot/usr/include/c++/v1/__config:915:49: note: expanded from macro '_LIBCPP_DEPRECATED'
2026-09-27T14:32:51.8422586Z C/C++:   915 | #      define _LIBCPP_DEPRECATED __attribute__((__deprecated__))
2026-09-27T14:32:51.8439373Z C/C++:       |                                                 ^
2026-09-27T14:32:51.8474346Z C/C++: /home/runner/work/NIDO/NIDO/node_modules/llama.rn/cpp/rn-tts.cpp:276:10: warning: 'wstring_convert<std::codecvt_utf8<char32_t>, char32_t>' is deprecated [-Wdeprecated-declarations]
2026-09-27T14:32:51.8499729Z C/C++:   276 |     std::wstring_convert<std::codecvt_utf8<char32_t>, char32_t> converter;
2026-09-27T14:32:51.8519036Z C/C++:       |          ^
2026-09-27T14:32:51.8541129Z C/C++: /usr/local/lib/android/sdk/ndk/27.1.12297006/toolchains/llvm/prebuilt/linux-x86_64/sysroot/usr/include/c++/v1/locale:3114:28: note: 'wstring_convert<std::codecvt_utf8<char32_t>, char32_t>' has been explicitly marked deprecated here
2026-09-27T14:32:51.8559616Z C/C++:  3114 | class _LIBCPP_TEMPLATE_VIS _LIBCPP_DEPRECATED_IN_CXX17 wstring_convert {
2026-09-27T14:32:51.8560705Z C/C++:       |                            ^
2026-09-27T14:32:51.8580521Z C/C++: /usr/local/lib/android/sdk/ndk/27.1.12297006/toolchains/llvm/prebuilt/linux-x86_64/sysroot/usr/include/c++/v1/__config:942:41: note: expanded from macro '_LIBCPP_DEPRECATED_IN_CXX17'
2026-09-27T14:32:51.8599355Z C/C++:   942 | #    define _LIBCPP_DEPRECATED_IN_CXX17 _LIBCPP_DEPRECATED
2026-09-27T14:32:51.8639281Z C/C++:       |                                         ^
2026-09-27T14:32:51.8660553Z C/C++: /usr/local/lib/android/sdk/ndk/27.1.12297006/toolchains/llvm/prebuilt/linux-x86_64/sysroot/usr/include/c++/v1/__config:915:49: note: expanded from macro '_LIBCPP_DEPRECATED'
2026-09-27T14:32:51.8699517Z C/C++:   915 | #      define _LIBCPP_DEPRECATED __attribute__((__deprecated__))
2026-09-27T14:32:51.8739419Z C/C++:       |                                                 ^
2026-09-27T14:32:51.8799176Z C/C++: 2 warnings generated.
2026-09-27T14:41:30.9638797Z C/C++: /home/runner/work/NIDO/NIDO/node_modules/llama.rn/vendor/codec.cpp/src/lm/residual_depth_ar.cpp:759:5: warning: 'ggml_mul_mat_set_prec' is deprecated: use ggml_prec_set_acc() instead [-Wdeprecated-declarations]
2026-09-27T14:41:30.9809671Z C/C++:   759 |     ggml_mul_mat_set_prec(logits, GGML_PREC_F32);
2026-09-27T14:41:31.0000234Z C/C++:       |     ^
2026-09-27T14:41:31.0002732Z C/C++: /home/runner/work/NIDO/NIDO/node_modules/llama.rn/vendor/llama.cpp/ggml/include/ggml.h:1489:5: note: 'ggml_mul_mat_set_prec' has been explicitly marked deprecated here
2026-09-27T14:41:31.0200669Z C/C++:  1489 |     GGML_DEPRECATED(GGML_API void ggml_mul_mat_set_prec(
2026-09-27T14:41:31.0202677Z C/C++:       |     ^
2026-09-27T14:41:31.0239386Z C/C++: /home/runner/work/NIDO/NIDO/node_modules/llama.rn/vendor/llama.cpp/ggml/include/ggml.h:192:61: note: expanded from macro 'GGML_DEPRECATED'
2026-09-27T14:41:31.0445159Z C/C++:   192 | #    define GGML_DEPRECATED(func, hint) func __attribute__((deprecated(hint)))
2026-09-27T14:41:31.0459714Z C/C++:       |                                                             ^
2026-09-27T14:41:31.0660195Z C/C++: 1 warning generated.
2026-09-27T14:41:44.1236417Z C/C++: /home/runner/work/NIDO/NIDO/node_modules/llama.rn/vendor/codec.cpp/src/ops/lm_attn.cpp:315:9: warning: 'ggml_mul_mat_set_prec' is deprecated: use ggml_prec_set_acc() instead [-Wdeprecated-declarations]
2026-09-27T14:41:44.1255615Z C/C++:   315 |         ggml_mul_mat_set_prec(y, GGML_PREC_F32);
2026-09-27T14:41:44.1276779Z C/C++:       |         ^
2026-09-27T14:41:44.1299806Z C/C++: /home/runner/work/NIDO/NIDO/node_modules/llama.rn/vendor/llama.cpp/ggml/include/ggml.h:1489:5: note: 'ggml_mul_mat_set_prec' has been explicitly marked deprecated here
2026-09-27T14:41:44.1319487Z C/C++:  1489 |     GGML_DEPRECATED(GGML_API void ggml_mul_mat_set_prec(
2026-09-27T14:41:44.1349214Z C/C++:       |     ^
2026-09-27T14:41:44.1380556Z C/C++: /home/runner/work/NIDO/NIDO/node_modules/llama.rn/vendor/llama.cpp/ggml/include/ggml.h:192:61: note: expanded from macro 'GGML_DEPRECATED'
2026-09-27T14:41:44.1399678Z C/C++:   192 | #    define GGML_DEPRECATED(func, hint) func __attribute__((deprecated(hint)))
2026-09-27T14:41:44.1433305Z C/C++:       |                                                             ^
2026-09-27T14:41:44.1469217Z C/C++: 1 warning generated.
2026-09-27T14:42:17.6238241Z C/C++: /home/runner/work/NIDO/NIDO/node_modules/llama.rn/cpp/rn-tts.cpp:276:31: warning: 'codecvt_utf8<char32_t>' is deprecated [-Wdeprecated-declarations]
2026-09-27T14:42:17.6259767Z C/C++:   276 |     std::wstring_convert<std::codecvt_utf8<char32_t>, char32_t> converter;
2026-09-27T14:42:17.6298809Z C/C++:       |                               ^
2026-09-27T14:42:17.6331034Z C/C++: /usr/local/lib/android/sdk/ndk/27.1.12297006/toolchains/llvm/prebuilt/linux-x86_64/sysroot/usr/include/c++/v1/codecvt:194:28: note: 'codecvt_utf8<char32_t>' has been explicitly marked deprecated here
2026-09-27T14:42:17.6370142Z C/C++:   194 | class _LIBCPP_TEMPLATE_VIS _LIBCPP_DEPRECATED_IN_CXX17 codecvt_utf8 : public __codecvt_utf8<_Elem> {
2026-09-27T14:42:17.6396729Z C/C++:       |                            ^
2026-09-27T14:42:17.6440750Z C/C++: /usr/local/lib/android/sdk/ndk/27.1.12297006/toolchains/llvm/prebuilt/linux-x86_64/sysroot/usr/include/c++/v1/__config:942:41: note: expanded from macro '_LIBCPP_DEPRECATED_IN_CXX17'
2026-09-27T14:42:17.6456841Z C/C++:   942 | #    define _LIBCPP_DEPRECATED_IN_CXX17 _LIBCPP_DEPRECATED
2026-09-27T14:42:17.6482360Z C/C++:       |                                         ^
2026-09-27T14:42:17.6540905Z C/C++: /usr/local/lib/android/sdk/ndk/27.1.12297006/toolchains/llvm/prebuilt/linux-x86_64/sysroot/usr/include/c++/v1/__config:915:49: note: expanded from macro '_LIBCPP_DEPRECATED'
2026-09-27T14:42:17.6566993Z C/C++:   915 | #      define _LIBCPP_DEPRECATED __attribute__((__deprecated__))
2026-09-27T14:42:17.6601223Z C/C++:       |                                                 ^
2026-09-27T14:42:17.6638795Z C/C++: /home/runner/work/NIDO/NIDO/node_modules/llama.rn/cpp/rn-tts.cpp:276:10: warning: 'wstring_convert<std::codecvt_utf8<char32_t>, char32_t>' is deprecated [-Wdeprecated-declarations]
2026-09-27T14:42:17.6668862Z C/C++:   276 |     std::wstring_convert<std::codecvt_utf8<char32_t>, char32_t> converter;
2026-09-27T14:42:17.6689404Z C/C++:       |          ^
2026-09-27T14:42:17.6731396Z C/C++: /usr/local/lib/android/sdk/ndk/27.1.12297006/toolchains/llvm/prebuilt/linux-x86_64/sysroot/usr/include/c++/v1/locale:3114:28: note: 'wstring_convert<std::codecvt_utf8<char32_t>, char32_t>' has been explicitly marked deprecated here
2026-09-27T14:42:17.6737244Z C/C++:  3114 | class _LIBCPP_TEMPLATE_VIS _LIBCPP_DEPRECATED_IN_CXX17 wstring_convert {
2026-09-27T14:42:17.6738300Z C/C++:       |                            ^
2026-09-27T14:42:17.6744275Z C/C++: /usr/local/lib/android/sdk/ndk/27.1.12297006/toolchains/llvm/prebuilt/linux-x86_64/sysroot/usr/include/c++/v1/__config:942:41: note: expanded from macro '_LIBCPP_DEPRECATED_IN_CXX17'
2026-09-27T14:42:17.6749925Z C/C++:   942 | #    define _LIBCPP_DEPRECATED_IN_CXX17 _LIBCPP_DEPRECATED
2026-09-27T14:42:17.6758870Z C/C++:       |                                         ^
2026-09-27T14:42:17.6778871Z C/C++: /usr/local/lib/android/sdk/ndk/27.1.12297006/toolchains/llvm/prebuilt/linux-x86_64/sysroot/usr/include/c++/v1/__config:915:49: note: expanded from macro '_LIBCPP_DEPRECATED'
2026-09-27T14:42:17.6783213Z C/C++:   915 | #      define _LIBCPP_DEPRECATED __attribute__((__deprecated__))
2026-09-27T14:42:17.6786191Z C/C++:       |                                                 ^
2026-09-27T14:42:17.6798850Z C/C++: 2 warnings generated.
2026-09-27T14:50:46.4273002Z C/C++: /home/runner/work/NIDO/NIDO/node_modules/llama.rn/vendor/codec.cpp/src/lm/residual_depth_ar.cpp:759:5: warning: 'ggml_mul_mat_set_prec' is deprecated: use ggml_prec_set_acc() instead [-Wdeprecated-declarations]
2026-09-27T14:50:46.4279398Z C/C++:   759 |     ggml_mul_mat_set_prec(logits, GGML_PREC_F32);
2026-09-27T14:50:46.4322093Z C/C++:       |     ^
2026-09-27T14:50:46.4367183Z C/C++: /home/runner/work/NIDO/NIDO/node_modules/llama.rn/vendor/llama.cpp/ggml/include/ggml.h:1489:5: note: 'ggml_mul_mat_set_prec' has been explicitly marked deprecated here
2026-09-27T14:50:46.4414711Z C/C++:  1489 |     GGML_DEPRECATED(GGML_API void ggml_mul_mat_set_prec(
2026-09-27T14:50:46.4439210Z C/C++:       |     ^
2026-09-27T14:50:46.4484500Z C/C++: /home/runner/work/NIDO/NIDO/node_modules/llama.rn/vendor/llama.cpp/ggml/include/ggml.h:192:61: note: expanded from macro 'GGML_DEPRECATED'
2026-09-27T14:50:46.4519941Z C/C++:   192 | #    define GGML_DEPRECATED(func, hint) func __attribute__((deprecated(hint)))
2026-09-27T14:50:46.4548813Z C/C++:       |                                                             ^
2026-09-27T14:50:46.4579140Z C/C++: 1 warning generated.
2026-09-27T14:50:59.2242805Z C/C++: /home/runner/work/NIDO/NIDO/node_modules/llama.rn/vendor/codec.cpp/src/ops/lm_attn.cpp:315:9: warning: 'ggml_mul_mat_set_prec' is deprecated: use ggml_prec_set_acc() instead [-Wdeprecated-declarations]
2026-09-27T14:50:59.2247261Z C/C++:   315 |         ggml_mul_mat_set_prec(y, GGML_PREC_F32);
2026-09-27T14:50:59.2259648Z C/C++:       |         ^
2026-09-27T14:50:59.2282589Z C/C++: /home/runner/work/NIDO/NIDO/node_modules/llama.rn/vendor/llama.cpp/ggml/include/ggml.h:1489:5: note: 'ggml_mul_mat_set_prec' has been explicitly marked deprecated here
2026-09-27T14:50:59.2319282Z C/C++:  1489 |     GGML_DEPRECATED(GGML_API void ggml_mul_mat_set_prec(
2026-09-27T14:50:59.2324745Z C/C++:       |     ^
2026-09-27T14:50:59.2326834Z C/C++: /home/runner/work/NIDO/NIDO/node_modules/llama.rn/vendor/llama.cpp/ggml/include/ggml.h:192:61: note: expanded from macro 'GGML_DEPRECATED'
2026-09-27T14:50:59.2349846Z C/C++:   192 | #    define GGML_DEPRECATED(func, hint) func __attribute__((deprecated(hint)))
2026-09-27T14:50:59.2369675Z C/C++:       |                                                             ^
2026-09-27T14:50:59.2372855Z C/C++: 1 warning generated.
2026-09-27T14:51:34.0235561Z C/C++: /home/runner/work/NIDO/NIDO/node_modules/llama.rn/cpp/rn-tts.cpp:276:31: warning: 'codecvt_utf8<char32_t>' is deprecated [-Wdeprecated-declarations]
2026-09-27T14:51:34.0300122Z C/C++:   276 |     std::wstring_convert<std::codecvt_utf8<char32_t>, char32_t> converter;
2026-09-27T14:51:34.0339534Z C/C++:       |                               ^
2026-09-27T14:51:34.0381200Z C/C++: /usr/local/lib/android/sdk/ndk/27.1.12297006/toolchains/llvm/prebuilt/linux-x86_64/sysroot/usr/include/c++/v1/codecvt:194:28: note: 'codecvt_utf8<char32_t>' has been explicitly marked deprecated here
2026-09-27T14:51:34.0438839Z C/C++:   194 | class _LIBCPP_TEMPLATE_VIS _LIBCPP_DEPRECATED_IN_CXX17 codecvt_utf8 : public __codecvt_utf8<_Elem> {
2026-09-27T14:51:34.0459367Z C/C++:       |                            ^
2026-09-27T14:51:34.0521216Z C/C++: /usr/local/lib/android/sdk/ndk/27.1.12297006/toolchains/llvm/prebuilt/linux-x86_64/sysroot/usr/include/c++/v1/__config:942:41: note: expanded from macro '_LIBCPP_DEPRECATED_IN_CXX17'
2026-09-27T14:51:34.0539797Z C/C++:   942 | #    define _LIBCPP_DEPRECATED_IN_CXX17 _LIBCPP_DEPRECATED
2026-09-27T14:51:34.0599010Z C/C++:       |                                         ^
2026-09-27T14:51:34.0604666Z C/C++: /usr/local/lib/android/sdk/ndk/27.1.12297006/toolchains/llvm/prebuilt/linux-x86_64/sysroot/usr/include/c++/v1/__config:915:49: note: expanded from macro '_LIBCPP_DEPRECATED'
2026-09-27T14:51:34.0639769Z C/C++:   915 | #      define _LIBCPP_DEPRECATED __attribute__((__deprecated__))
2026-09-27T14:51:34.0678960Z C/C++:       |                                                 ^
2026-09-27T14:51:34.0684397Z C/C++: /home/runner/work/NIDO/NIDO/node_modules/llama.rn/cpp/rn-tts.cpp:276:10: warning: 'wstring_convert<std::codecvt_utf8<char32_t>, char32_t>' is deprecated [-Wdeprecated-declarations]
2026-09-27T14:51:34.0731300Z C/C++:   276 |     std::wstring_convert<std::codecvt_utf8<char32_t>, char32_t> converter;
2026-09-27T14:51:34.0754884Z C/C++:       |          ^
2026-09-27T14:51:34.0763382Z C/C++: /usr/local/lib/android/sdk/ndk/27.1.12297006/toolchains/llvm/prebuilt/linux-x86_64/sysroot/usr/include/c++/v1/locale:3114:28: note: 'wstring_convert<std::codecvt_utf8<char32_t>, char32_t>' has been explicitly marked deprecated here
2026-09-27T14:51:34.1039685Z C/C++:  3114 | class _LIBCPP_TEMPLATE_VIS _LIBCPP_DEPRECATED_IN_CXX17 wstring_convert {
2026-09-27T14:51:34.1040969Z C/C++:       |                            ^
2026-09-27T14:51:34.1043476Z C/C++: /usr/local/lib/android/sdk/ndk/27.1.12297006/toolchains/llvm/prebuilt/linux-x86_64/sysroot/usr/include/c++/v1/__config:942:41: note: expanded from macro '_LIBCPP_DEPRECATED_IN_CXX17'
2026-09-27T14:51:34.1046150Z C/C++:   942 | #    define _LIBCPP_DEPRECATED_IN_CXX17 _LIBCPP_DEPRECATED
2026-09-27T14:51:34.1047447Z C/C++:       |                                         ^
2026-09-27T14:51:34.1060533Z C/C++: /usr/local/lib/android/sdk/ndk/27.1.12297006/toolchains/llvm/prebuilt/linux-x86_64/sysroot/usr/include/c++/v1/__config:915:49: note: expanded from macro '_LIBCPP_DEPRECATED'
2026-09-27T14:51:34.1062929Z C/C++:   915 | #      define _LIBCPP_DEPRECATED __attribute__((__deprecated__))
2026-09-27T14:51:34.1079228Z C/C++:       |                                                 ^
2026-09-27T14:51:34.1079990Z C/C++: 2 warnings generated.
2026-09-27T15:00:04.5260364Z C/C++: /home/runner/work/NIDO/NIDO/node_modules/llama.rn/vendor/codec.cpp/src/lm/residual_depth_ar.cpp:759:5: warning: 'ggml_mul_mat_set_prec' is deprecated: use ggml_prec_set_acc() instead [-Wdeprecated-declarations]
2026-09-27T15:00:04.5287620Z C/C++:   759 |     ggml_mul_mat_set_prec(logits, GGML_PREC_F32);
2026-09-27T15:00:04.5309269Z C/C++:       |     ^
2026-09-27T15:00:04.5340762Z C/C++: /home/runner/work/NIDO/NIDO/node_modules/llama.rn/vendor/llama.cpp/ggml/include/ggml.h:1489:5: note: 'ggml_mul_mat_set_prec' has been explicitly marked deprecated here
2026-09-27T15:00:04.5369391Z C/C++:  1489 |     GGML_DEPRECATED(GGML_API void ggml_mul_mat_set_prec(
2026-09-27T15:00:04.5388272Z C/C++:       |     ^
2026-09-27T15:00:04.5410725Z C/C++: /home/runner/work/NIDO/NIDO/node_modules/llama.rn/vendor/llama.cpp/ggml/include/ggml.h:192:61: note: expanded from macro 'GGML_DEPRECATED'
2026-09-27T15:00:04.5429290Z C/C++:   192 | #    define GGML_DEPRECATED(func, hint) func __attribute__((deprecated(hint)))
2026-09-27T15:00:04.5499909Z C/C++:       |                                                             ^
2026-09-27T15:00:04.5519115Z C/C++: 1 warning generated.
2026-09-27T15:00:17.9235488Z C/C++: /home/runner/work/NIDO/NIDO/node_modules/llama.rn/vendor/codec.cpp/src/ops/lm_attn.cpp:315:9: warning: 'ggml_mul_mat_set_prec' is deprecated: use ggml_prec_set_acc() instead [-Wdeprecated-declarations]
2026-09-27T15:00:17.9265153Z C/C++:   315 |         ggml_mul_mat_set_prec(y, GGML_PREC_F32);
2026-09-27T15:00:17.9309210Z C/C++:       |         ^
2026-09-27T15:00:17.9311338Z C/C++: /home/runner/work/NIDO/NIDO/node_modules/llama.rn/vendor/llama.cpp/ggml/include/ggml.h:1489:5: note: 'ggml_mul_mat_set_prec' has been explicitly marked deprecated here
2026-09-27T15:00:17.9349485Z C/C++:  1489 |     GGML_DEPRECATED(GGML_API void ggml_mul_mat_set_prec(
2026-09-27T15:00:17.9389221Z C/C++:       |     ^
2026-09-27T15:00:17.9390928Z C/C++: /home/runner/work/NIDO/NIDO/node_modules/llama.rn/vendor/llama.cpp/ggml/include/ggml.h:192:61: note: expanded from macro 'GGML_DEPRECATED'
2026-09-27T15:00:17.9392724Z C/C++:   192 | #    define GGML_DEPRECATED(func, hint) func __attribute__((deprecated(hint)))
2026-09-27T15:00:17.9393923Z C/C++:       |                                                             ^
2026-09-27T15:00:17.9395055Z C/C++: 1 warning generated.
2026-09-27T15:00:48.7234519Z C/C++: /home/runner/work/NIDO/NIDO/node_modules/llama.rn/cpp/rn-tts.cpp:276:31: warning: 'codecvt_utf8<char32_t>' is deprecated [-Wdeprecated-declarations]
2026-09-27T15:00:48.7242655Z C/C++:   276 |     std::wstring_convert<std::codecvt_utf8<char32_t>, char32_t> converter;
2026-09-27T15:00:48.7269523Z C/C++:       |                               ^
2026-09-27T15:00:48.7290909Z C/C++: /usr/local/lib/android/sdk/ndk/27.1.12297006/toolchains/llvm/prebuilt/linux-x86_64/sysroot/usr/include/c++/v1/codecvt:194:28: note: 'codecvt_utf8<char32_t>' has been explicitly marked deprecated here
2026-09-27T15:00:48.7294006Z C/C++:   194 | class _LIBCPP_TEMPLATE_VIS _LIBCPP_DEPRECATED_IN_CXX17 codecvt_utf8 : public __codecvt_utf8<_Elem> {
2026-09-27T15:00:48.7314422Z C/C++:       |                            ^
2026-09-27T15:00:48.7340728Z C/C++: /usr/local/lib/android/sdk/ndk/27.1.12297006/toolchains/llvm/prebuilt/linux-x86_64/sysroot/usr/include/c++/v1/__config:942:41: note: expanded from macro '_LIBCPP_DEPRECATED_IN_CXX17'
2026-09-27T15:00:48.7342923Z C/C++:   942 | #    define _LIBCPP_DEPRECATED_IN_CXX17 _LIBCPP_DEPRECATED
2026-09-27T15:00:48.7359407Z C/C++:       |                                         ^
2026-09-27T15:00:48.7380769Z C/C++: /usr/local/lib/android/sdk/ndk/27.1.12297006/toolchains/llvm/prebuilt/linux-x86_64/sysroot/usr/include/c++/v1/__config:915:49: note: expanded from macro '_LIBCPP_DEPRECATED'
2026-09-27T15:00:48.7399685Z C/C++:   915 | #      define _LIBCPP_DEPRECATED __attribute__((__deprecated__))
2026-09-27T15:00:48.7410574Z C/C++:       |                                                 ^
2026-09-27T15:00:48.7420955Z C/C++: /home/runner/work/NIDO/NIDO/node_modules/llama.rn/cpp/rn-tts.cpp:276:10: warning: 'wstring_convert<std::codecvt_utf8<char32_t>, char32_t>' is deprecated [-Wdeprecated-declarations]
2026-09-27T15:00:48.7439746Z C/C++:   276 |     std::wstring_convert<std::codecvt_utf8<char32_t>, char32_t> converter;
2026-09-27T15:00:48.7459131Z C/C++:       |          ^
2026-09-27T15:00:48.7481218Z C/C++: /usr/local/lib/android/sdk/ndk/27.1.12297006/toolchains/llvm/prebuilt/linux-x86_64/sysroot/usr/include/c++/v1/locale:3114:28: note: 'wstring_convert<std::codecvt_utf8<char32_t>, char32_t>' has been explicitly marked deprecated here
2026-09-27T15:00:48.7499562Z C/C++:  3114 | class _LIBCPP_TEMPLATE_VIS _LIBCPP_DEPRECATED_IN_CXX17 wstring_convert {
2026-09-27T15:00:48.7500826Z C/C++:       |                            ^
2026-09-27T15:00:48.7520756Z C/C++: /usr/local/lib/android/sdk/ndk/27.1.12297006/toolchains/llvm/prebuilt/linux-x86_64/sysroot/usr/include/c++/v1/__config:942:41: note: expanded from macro '_LIBCPP_DEPRECATED_IN_CXX17'
2026-09-27T15:00:48.7539586Z C/C++:   942 | #    define _LIBCPP_DEPRECATED_IN_CXX17 _LIBCPP_DEPRECATED
2026-09-27T15:00:48.7559293Z C/C++:       |                                         ^
2026-09-27T15:00:48.7561504Z C/C++: /usr/local/lib/android/sdk/ndk/27.1.12297006/toolchains/llvm/prebuilt/linux-x86_64/sysroot/usr/include/c++/v1/__config:915:49: note: expanded from macro '_LIBCPP_DEPRECATED'
2026-09-27T15:00:48.7579734Z C/C++:   915 | #      define _LIBCPP_DEPRECATED __attribute__((__deprecated__))
2026-09-27T15:00:48.7599425Z C/C++:       |                                                 ^
2026-09-27T15:00:48.7619191Z C/C++: 2 warnings generated.
2026-09-27T15:09:32.0235471Z C/C++: /home/runner/work/NIDO/NIDO/node_modules/llama.rn/vendor/codec.cpp/src/lm/residual_depth_ar.cpp:759:5: warning: 'ggml_mul_mat_set_prec' is deprecated: use ggml_prec_set_acc() instead [-Wdeprecated-declarations]
2026-09-27T15:09:32.0279538Z C/C++:   759 |     ggml_mul_mat_set_prec(logits, GGML_PREC_F32);
2026-09-27T15:09:32.0309529Z C/C++:       |     ^
2026-09-27T15:09:32.0340895Z C/C++: /home/runner/work/NIDO/NIDO/node_modules/llama.rn/vendor/llama.cpp/ggml/include/ggml.h:1489:5: note: 'ggml_mul_mat_set_prec' has been explicitly marked deprecated here
2026-09-27T15:09:32.0359615Z C/C++:  1489 |     GGML_DEPRECATED(GGML_API void ggml_mul_mat_set_prec(
2026-09-27T15:09:32.0399152Z C/C++:       |     ^
2026-09-27T15:09:32.0430500Z C/C++: /home/runner/work/NIDO/NIDO/node_modules/llama.rn/vendor/llama.cpp/ggml/include/ggml.h:192:61: note: expanded from macro 'GGML_DEPRECATED'
2026-09-27T15:09:32.0439892Z C/C++:   192 | #    define GGML_DEPRECATED(func, hint) func __attribute__((deprecated(hint)))
2026-09-27T15:09:32.0479556Z C/C++:       |                                                             ^
2026-09-27T15:09:32.0509371Z C/C++: 1 warning generated.
2026-09-27T15:09:44.8251832Z C/C++: /home/runner/work/NIDO/NIDO/node_modules/llama.rn/vendor/codec.cpp/src/ops/lm_attn.cpp:315:9: warning: 'ggml_mul_mat_set_prec' is deprecated: use ggml_prec_set_acc() instead [-Wdeprecated-declarations]
2026-09-27T15:09:44.8279624Z C/C++:   315 |         ggml_mul_mat_set_prec(y, GGML_PREC_F32);
2026-09-27T15:09:44.8319451Z C/C++:       |         ^
2026-09-27T15:09:44.8370892Z C/C++: /home/runner/work/NIDO/NIDO/node_modules/llama.rn/vendor/llama.cpp/ggml/include/ggml.h:1489:5: note: 'ggml_mul_mat_set_prec' has been explicitly marked deprecated here
2026-09-27T15:09:44.8399625Z C/C++:  1489 |     GGML_DEPRECATED(GGML_API void ggml_mul_mat_set_prec(
2026-09-27T15:09:44.8459461Z C/C++:       |     ^
2026-09-27T15:09:44.8500506Z C/C++: /home/runner/work/NIDO/NIDO/node_modules/llama.rn/vendor/llama.cpp/ggml/include/ggml.h:192:61: note: expanded from macro 'GGML_DEPRECATED'
2026-09-27T15:09:44.8520066Z C/C++:   192 | #    define GGML_DEPRECATED(func, hint) func __attribute__((deprecated(hint)))
2026-09-27T15:09:44.8550377Z C/C++:       |                                                             ^
2026-09-27T15:09:44.8608943Z C/C++: 1 warning generated.
2026-09-27T15:10:17.6239032Z C/C++: /home/runner/work/NIDO/NIDO/node_modules/llama.rn/cpp/rn-tts.cpp:276:31: warning: 'codecvt_utf8<char32_t>' is deprecated [-Wdeprecated-declarations]
2026-09-27T15:10:17.6280415Z C/C++:   276 |     std::wstring_convert<std::codecvt_utf8<char32_t>, char32_t> converter;
2026-09-27T15:10:17.6321178Z C/C++:       |                               ^
2026-09-27T15:10:17.6353297Z C/C++: /usr/local/lib/android/sdk/ndk/27.1.12297006/toolchains/llvm/prebuilt/linux-x86_64/sysroot/usr/include/c++/v1/codecvt:194:28: note: 'codecvt_utf8<char32_t>' has been explicitly marked deprecated here
2026-09-27T15:10:17.6400176Z C/C++:   194 | class _LIBCPP_TEMPLATE_VIS _LIBCPP_DEPRECATED_IN_CXX17 codecvt_utf8 : public __codecvt_utf8<_Elem> {
2026-09-27T15:10:17.6410790Z C/C++:       |                            ^
2026-09-27T15:10:17.6440807Z C/C++: /usr/local/lib/android/sdk/ndk/27.1.12297006/toolchains/llvm/prebuilt/linux-x86_64/sysroot/usr/include/c++/v1/__config:942:41: note: expanded from macro '_LIBCPP_DEPRECATED_IN_CXX17'
2026-09-27T15:10:17.6469429Z C/C++:   942 | #    define _LIBCPP_DEPRECATED_IN_CXX17 _LIBCPP_DEPRECATED
2026-09-27T15:10:17.6509298Z C/C++:       |                                         ^
2026-09-27T15:10:17.6553746Z C/C++: /usr/local/lib/android/sdk/ndk/27.1.12297006/toolchains/llvm/prebuilt/linux-x86_64/sysroot/usr/include/c++/v1/__config:915:49: note: expanded from macro '_LIBCPP_DEPRECATED'
2026-09-27T15:10:17.6599717Z C/C++:   915 | #      define _LIBCPP_DEPRECATED __attribute__((__deprecated__))
2026-09-27T15:10:17.6619671Z C/C++:       |                                                 ^
2026-09-27T15:10:17.6640959Z C/C++: /home/runner/work/NIDO/NIDO/node_modules/llama.rn/cpp/rn-tts.cpp:276:10: warning: 'wstring_convert<std::codecvt_utf8<char32_t>, char32_t>' is deprecated [-Wdeprecated-declarations]
2026-09-27T15:10:17.6679611Z C/C++:   276 |     std::wstring_convert<std::codecvt_utf8<char32_t>, char32_t> converter;
2026-09-27T15:10:17.6699050Z C/C++:       |          ^
2026-09-27T15:10:17.6741078Z C/C++: /usr/local/lib/android/sdk/ndk/27.1.12297006/toolchains/llvm/prebuilt/linux-x86_64/sysroot/usr/include/c++/v1/locale:3114:28: note: 'wstring_convert<std::codecvt_utf8<char32_t>, char32_t>' has been explicitly marked deprecated here
2026-09-27T15:10:17.6743734Z C/C++:  3114 | class _LIBCPP_TEMPLATE_VIS _LIBCPP_DEPRECATED_IN_CXX17 wstring_convert {
2026-09-27T15:10:17.6779170Z C/C++:       |                            ^
2026-09-27T15:10:17.6810794Z C/C++: /usr/local/lib/android/sdk/ndk/27.1.12297006/toolchains/llvm/prebuilt/linux-x86_64/sysroot/usr/include/c++/v1/__config:942:41: note: expanded from macro '_LIBCPP_DEPRECATED_IN_CXX17'
2026-09-27T15:10:17.6829663Z C/C++:   942 | #    define _LIBCPP_DEPRECATED_IN_CXX17 _LIBCPP_DEPRECATED
2026-09-27T15:10:17.6859268Z C/C++:       |                                         ^
2026-09-27T15:10:17.6900593Z C/C++: /usr/local/lib/android/sdk/ndk/27.1.12297006/toolchains/llvm/prebuilt/linux-x86_64/sysroot/usr/include/c++/v1/__config:915:49: note: expanded from macro '_LIBCPP_DEPRECATED'
2026-09-27T15:10:17.6929892Z C/C++:   915 | #      define _LIBCPP_DEPRECATED __attribute__((__deprecated__))
2026-09-27T15:10:17.6939276Z C/C++:       |                                                 ^
2026-09-27T15:10:17.6979108Z C/C++: 2 warnings generated.
2026-09-27T15:18:51.9235194Z C/C++: /home/runner/work/NIDO/NIDO/node_modules/llama.rn/vendor/codec.cpp/src/lm/residual_depth_ar.cpp:759:5: warning: 'ggml_mul_mat_set_prec' is deprecated: use ggml_prec_set_acc() instead [-Wdeprecated-declarations]
2026-09-27T15:18:51.9269602Z C/C++:   759 |     ggml_mul_mat_set_prec(logits, GGML_PREC_F32);
2026-09-27T15:18:51.9270845Z C/C++:       |     ^
2026-09-27T15:18:51.9290408Z C/C++: /home/runner/work/NIDO/NIDO/node_modules/llama.rn/vendor/llama.cpp/ggml/include/ggml.h:1489:5: note: 'ggml_mul_mat_set_prec' has been explicitly marked deprecated here
2026-09-27T15:18:51.9309485Z C/C++:  1489 |     GGML_DEPRECATED(GGML_API void ggml_mul_mat_set_prec(
2026-09-27T15:18:51.9310581Z C/C++:       |     ^
2026-09-27T15:18:51.9330410Z C/C++: /home/runner/work/NIDO/NIDO/node_modules/llama.rn/vendor/llama.cpp/ggml/include/ggml.h:192:61: note: expanded from macro 'GGML_DEPRECATED'
2026-09-27T15:18:51.9349927Z C/C++:   192 | #    define GGML_DEPRECATED(func, hint) func __attribute__((deprecated(hint)))
2026-09-27T15:18:51.9369524Z C/C++:       |                                                             ^
2026-09-27T15:18:51.9389594Z C/C++: 1 warning generated.
2026-09-27T15:19:04.7235676Z C/C++: /home/runner/work/NIDO/NIDO/node_modules/llama.rn/vendor/codec.cpp/src/ops/lm_attn.cpp:315:9: warning: 'ggml_mul_mat_set_prec' is deprecated: use ggml_prec_set_acc() instead [-Wdeprecated-declarations]
2026-09-27T15:19:04.7249511Z C/C++:   315 |         ggml_mul_mat_set_prec(y, GGML_PREC_F32);
2026-09-27T15:19:04.7250534Z C/C++:       |         ^
2026-09-27T15:19:04.7270819Z C/C++: /home/runner/work/NIDO/NIDO/node_modules/llama.rn/vendor/llama.cpp/ggml/include/ggml.h:1489:5: note: 'ggml_mul_mat_set_prec' has been explicitly marked deprecated here
2026-09-27T15:19:04.7289647Z C/C++:  1489 |     GGML_DEPRECATED(GGML_API void ggml_mul_mat_set_prec(
2026-09-27T15:19:04.7309135Z C/C++:       |     ^
2026-09-27T15:19:04.7324292Z C/C++: /home/runner/work/NIDO/NIDO/node_modules/llama.rn/vendor/llama.cpp/ggml/include/ggml.h:192:61: note: expanded from macro 'GGML_DEPRECATED'
2026-09-27T15:19:04.7340256Z C/C++:   192 | #    define GGML_DEPRECATED(func, hint) func __attribute__((deprecated(hint)))
2026-09-27T15:19:04.7349510Z C/C++:       |                                                             ^
2026-09-27T15:19:04.7369084Z C/C++: 1 warning generated.
2026-09-27T15:19:35.7235121Z C/C++: /home/runner/work/NIDO/NIDO/node_modules/llama.rn/cpp/rn-tts.cpp:276:31: warning: 'codecvt_utf8<char32_t>' is deprecated [-Wdeprecated-declarations]
2026-09-27T15:19:35.7259878Z C/C++:   276 |     std::wstring_convert<std::codecvt_utf8<char32_t>, char32_t> converter;
2026-09-27T15:19:35.7299431Z C/C++:       |                               ^
2026-09-27T15:19:35.7301754Z C/C++: /usr/local/lib/android/sdk/ndk/27.1.12297006/toolchains/llvm/prebuilt/linux-x86_64/sysroot/usr/include/c++/v1/codecvt:194:28: note: 'codecvt_utf8<char32_t>' has been explicitly marked deprecated here
2026-09-27T15:19:35.7304589Z C/C++:   194 | class _LIBCPP_TEMPLATE_VIS _LIBCPP_DEPRECATED_IN_CXX17 codecvt_utf8 : public __codecvt_utf8<_Elem> {
2026-09-27T15:19:35.7305692Z C/C++:       |                            ^
2026-09-27T15:19:35.7307750Z C/C++: /usr/local/lib/android/sdk/ndk/27.1.12297006/toolchains/llvm/prebuilt/linux-x86_64/sysroot/usr/include/c++/v1/__config:942:41: note: expanded from macro '_LIBCPP_DEPRECATED_IN_CXX17'
2026-09-27T15:19:35.7309796Z C/C++:   942 | #    define _LIBCPP_DEPRECATED_IN_CXX17 _LIBCPP_DEPRECATED
2026-09-27T15:19:35.7310658Z C/C++:       |                                         ^
2026-09-27T15:19:35.7312893Z C/C++: /usr/local/lib/android/sdk/ndk/27.1.12297006/toolchains/llvm/prebuilt/linux-x86_64/sysroot/usr/include/c++/v1/__config:915:49: note: expanded from macro '_LIBCPP_DEPRECATED'
2026-09-27T15:19:35.7315570Z C/C++:   915 | #      define _LIBCPP_DEPRECATED __attribute__((__deprecated__))
2026-09-27T15:19:35.7316492Z C/C++:       |                                                 ^
2026-09-27T15:19:35.7318765Z C/C++: /home/runner/work/NIDO/NIDO/node_modules/llama.rn/cpp/rn-tts.cpp:276:10: warning: 'wstring_convert<std::codecvt_utf8<char32_t>, char32_t>' is deprecated [-Wdeprecated-declarations]
2026-09-27T15:19:35.7320954Z C/C++:   276 |     std::wstring_convert<std::codecvt_utf8<char32_t>, char32_t> converter;
2026-09-27T15:19:35.7321801Z C/C++:       |          ^
2026-09-27T15:19:35.7324219Z C/C++: /usr/local/lib/android/sdk/ndk/27.1.12297006/toolchains/llvm/prebuilt/linux-x86_64/sysroot/usr/include/c++/v1/locale:3114:28: note: 'wstring_convert<std::codecvt_utf8<char32_t>, char32_t>' has been explicitly marked deprecated here
2026-09-27T15:19:35.7350012Z C/C++:  3114 | class _LIBCPP_TEMPLATE_VIS _LIBCPP_DEPRECATED_IN_CXX17 wstring_convert {
2026-09-27T15:19:35.7351030Z C/C++:       |                            ^
2026-09-27T15:19:35.7353158Z C/C++: /usr/local/lib/android/sdk/ndk/27.1.12297006/toolchains/llvm/prebuilt/linux-x86_64/sysroot/usr/include/c++/v1/__config:942:41: note: expanded from macro '_LIBCPP_DEPRECATED_IN_CXX17'
2026-09-27T15:19:35.7355031Z C/C++:   942 | #    define _LIBCPP_DEPRECATED_IN_CXX17 _LIBCPP_DEPRECATED
2026-09-27T15:19:35.7355969Z C/C++:       |                                         ^
2026-09-27T15:19:35.7358040Z C/C++: /usr/local/lib/android/sdk/ndk/27.1.12297006/toolchains/llvm/prebuilt/linux-x86_64/sysroot/usr/include/c++/v1/__config:915:49: note: expanded from macro '_LIBCPP_DEPRECATED'
2026-09-27T15:19:35.7369082Z C/C++:   915 | #      define _LIBCPP_DEPRECATED __attribute__((__deprecated__))
2026-09-27T15:19:35.7370050Z C/C++:       |                                                 ^
2026-09-27T15:19:35.7370743Z C/C++: 2 warnings generated.
2026-09-27T15:28:45.1236008Z C/C++: /home/runner/work/NIDO/NIDO/node_modules/llama.rn/vendor/codec.cpp/src/lm/residual_depth_ar.cpp:759:5: warning: 'ggml_mul_mat_set_prec' is deprecated: use ggml_prec_set_acc() instead [-Wdeprecated-declarations]
2026-09-27T15:28:45.1269596Z C/C++:   759 |     ggml_mul_mat_set_prec(logits, GGML_PREC_F32);
2026-09-27T15:28:45.1309068Z C/C++:       |     ^
2026-09-27T15:28:45.1320606Z C/C++: /home/runner/work/NIDO/NIDO/node_modules/llama.rn/vendor/llama.cpp/ggml/include/ggml.h:1489:5: note: 'ggml_mul_mat_set_prec' has been explicitly marked deprecated here
2026-09-27T15:28:45.1359566Z C/C++:  1489 |     GGML_DEPRECATED(GGML_API void ggml_mul_mat_set_prec(
2026-09-27T15:28:45.1379009Z C/C++:       |     ^
2026-09-27T15:28:45.1380736Z C/C++: /home/runner/work/NIDO/NIDO/node_modules/llama.rn/vendor/llama.cpp/ggml/include/ggml.h:192:61: note: expanded from macro 'GGML_DEPRECATED'
2026-09-27T15:28:45.1382577Z C/C++:   192 | #    define GGML_DEPRECATED(func, hint) func __attribute__((deprecated(hint)))
2026-09-27T15:28:45.1383823Z C/C++:       |                                                             ^
2026-09-27T15:28:45.1384586Z C/C++: 1 warning generated.
2026-09-27T15:28:57.4252253Z C/C++: /home/runner/work/NIDO/NIDO/node_modules/llama.rn/vendor/codec.cpp/src/ops/lm_attn.cpp:315:9: warning: 'ggml_mul_mat_set_prec' is deprecated: use ggml_prec_set_acc() instead [-Wdeprecated-declarations]
2026-09-27T15:28:57.4289454Z C/C++:   315 |         ggml_mul_mat_set_prec(y, GGML_PREC_F32);
2026-09-27T15:28:57.4290447Z C/C++:       |         ^
2026-09-27T15:28:57.4310623Z C/C++: /home/runner/work/NIDO/NIDO/node_modules/llama.rn/vendor/llama.cpp/ggml/include/ggml.h:1489:5: note: 'ggml_mul_mat_set_prec' has been explicitly marked deprecated here
2026-09-27T15:28:57.4329442Z C/C++:  1489 |     GGML_DEPRECATED(GGML_API void ggml_mul_mat_set_prec(
2026-09-27T15:28:57.4348991Z C/C++:       |     ^
2026-09-27T15:28:57.4360356Z C/C++: /home/runner/work/NIDO/NIDO/node_modules/llama.rn/vendor/llama.cpp/ggml/include/ggml.h:192:61: note: expanded from macro 'GGML_DEPRECATED'
2026-09-27T15:28:57.4369682Z C/C++:   192 | #    define GGML_DEPRECATED(func, hint) func __attribute__((deprecated(hint)))
2026-09-27T15:28:57.4389268Z C/C++:       |                                                             ^
2026-09-27T15:28:57.4409043Z C/C++: 1 warning generated.
2026-09-27T15:29:26.7234656Z C/C++: /home/runner/work/NIDO/NIDO/node_modules/llama.rn/cpp/rn-tts.cpp:276:31: warning: 'codecvt_utf8<char32_t>' is deprecated [-Wdeprecated-declarations]
2026-09-27T15:29:26.7239213Z C/C++:   276 |     std::wstring_convert<std::codecvt_utf8<char32_t>, char32_t> converter;
2026-09-27T15:29:26.7241555Z C/C++:       |                               ^
2026-09-27T15:29:26.7244537Z C/C++: /usr/local/lib/android/sdk/ndk/27.1.12297006/toolchains/llvm/prebuilt/linux-x86_64/sysroot/usr/include/c++/v1/codecvt:194:28: note: 'codecvt_utf8<char32_t>' has been explicitly marked deprecated here
2026-09-27T15:29:26.7247240Z C/C++:   194 | class _LIBCPP_TEMPLATE_VIS _LIBCPP_DEPRECATED_IN_CXX17 codecvt_utf8 : public __codecvt_utf8<_Elem> {
2026-09-27T15:29:26.7248806Z C/C++:       |                            ^
2026-09-27T15:29:26.7251170Z C/C++: /usr/local/lib/android/sdk/ndk/27.1.12297006/toolchains/llvm/prebuilt/linux-x86_64/sysroot/usr/include/c++/v1/__config:942:41: note: expanded from macro '_LIBCPP_DEPRECATED_IN_CXX17'
2026-09-27T15:29:26.7253253Z C/C++:   942 | #    define _LIBCPP_DEPRECATED_IN_CXX17 _LIBCPP_DEPRECATED
2026-09-27T15:29:26.7254384Z C/C++:       |                                         ^
2026-09-27T15:29:26.7256782Z C/C++: /usr/local/lib/android/sdk/ndk/27.1.12297006/toolchains/llvm/prebuilt/linux-x86_64/sysroot/usr/include/c++/v1/__config:915:49: note: expanded from macro '_LIBCPP_DEPRECATED'
2026-09-27T15:29:26.7259050Z C/C++:   915 | #      define _LIBCPP_DEPRECATED __attribute__((__deprecated__))
2026-09-27T15:29:26.7260352Z C/C++:       |                                                 ^
2026-09-27T15:29:26.7262787Z C/C++: /home/runner/work/NIDO/NIDO/node_modules/llama.rn/cpp/rn-tts.cpp:276:10: warning: 'wstring_convert<std::codecvt_utf8<char32_t>, char32_t>' is deprecated [-Wdeprecated-declarations]
2026-09-27T15:29:26.7265015Z C/C++:   276 |     std::wstring_convert<std::codecvt_utf8<char32_t>, char32_t> converter;
2026-09-27T15:29:26.7266078Z C/C++:       |          ^
2026-09-27T15:29:26.7276206Z C/C++: /usr/local/lib/android/sdk/ndk/27.1.12297006/toolchains/llvm/prebuilt/linux-x86_64/sysroot/usr/include/c++/v1/locale:3114:28: note: 'wstring_convert<std::codecvt_utf8<char32_t>, char32_t>' has been explicitly marked deprecated here
2026-09-27T15:29:26.7278917Z C/C++:  3114 | class _LIBCPP_TEMPLATE_VIS _LIBCPP_DEPRECATED_IN_CXX17 wstring_convert {
2026-09-27T15:29:26.7279916Z C/C++:       |                            ^
2026-09-27T15:29:26.7282087Z C/C++: /usr/local/lib/android/sdk/ndk/27.1.12297006/toolchains/llvm/prebuilt/linux-x86_64/sysroot/usr/include/c++/v1/__config:942:41: note: expanded from macro '_LIBCPP_DEPRECATED_IN_CXX17'
2026-09-27T15:29:26.7283927Z C/C++:   942 | #    define _LIBCPP_DEPRECATED_IN_CXX17 _LIBCPP_DEPRECATED
2026-09-27T15:29:26.7284858Z C/C++:       |                                         ^
2026-09-27T15:29:26.7286920Z C/C++: /usr/local/lib/android/sdk/ndk/27.1.12297006/toolchains/llvm/prebuilt/linux-x86_64/sysroot/usr/include/c++/v1/__config:915:49: note: expanded from macro '_LIBCPP_DEPRECATED'
2026-09-27T15:29:26.7290237Z C/C++:   915 | #      define _LIBCPP_DEPRECATED __attribute__((__deprecated__))
2026-09-27T15:29:26.7291264Z C/C++:       |                                                 ^
2026-09-27T15:29:26.7291930Z C/C++: 2 warnings generated.
2026-09-27T15:29:31.0240709Z C/C++: /home/runner/work/NIDO/NIDO/node_modules/llama.rn/vendor/llama.cpp/ggml/src/ggml-opencl/ggml-opencl.cpp:8849:9: warning: TODO: implement BF16, Q4_0, Q4_1, Q5_0, Q5_1, Q8_0, IQ4_NL support (https://github.com/ggml-org/llama.cpp/pull/14661) [-W#pragma-messages]
2026-09-27T15:29:31.0244546Z C/C++:  8849 | #pragma message("TODO: implement BF16, Q4_0, Q4_1, Q5_0, Q5_1, Q8_0, IQ4_NL support (https://github.com/ggml-org/llama.cpp/pull/14661)")
2026-09-27T15:29:31.0245768Z C/C++:       |         ^
2026-09-27T15:29:31.0246166Z C/C++: 1 warning generated.
2026-09-27T15:32:41.8249219Z 
2026-09-27T15:32:41.8270025Z > Task :llama.rn:mergeDebugJniLibFolders
2026-09-27T15:32:41.9238141Z > Task :llama.rn:extractDebugAnnotations
2026-09-27T15:32:41.9240394Z > Task :llama.rn:extractDeepLinksForAarDebug
2026-09-27T15:32:41.9240965Z > Task :llama.rn:mergeDebugGeneratedProguardFiles
2026-09-27T15:32:41.9241669Z > Task :llama.rn:mergeDebugConsumerProguardFiles
2026-09-27T15:32:41.9242403Z > Task :llama.rn:prepareDebugArtProfile
2026-09-27T15:32:41.9243120Z > Task :llama.rn:prepareLintJarForPublish
2026-09-27T15:32:42.0268830Z > Task :llama.rn:mergeDebugJavaResource
2026-09-27T15:32:42.0272837Z > Task :llama.rn:syncDebugLibJars
2026-09-27T15:32:52.6282511Z > Task :llama.rn:mergeDebugNativeLibs
2026-09-27T15:33:22.6233323Z > Task :llama.rn:copyDebugJniLibsProjectOnly
2026-09-27T15:33:22.7251012Z > Task :llama.rn:stripDebugDebugSymbols
2026-09-27T15:33:47.5250061Z > Task :llama.rn:copyDebugJniLibsProjectAndLocalJars
2026-09-27T15:33:57.8275600Z > Task :app:mergeDebugNativeLibs
2026-09-27T15:34:14.8233653Z > Task :app:stripDebugDebugSymbols
2026-09-27T15:34:17.5233233Z > Task :llama.rn:bundleDebugAar
2026-09-27T15:34:21.0233484Z > Task :app:packageDebug
2026-09-27T15:34:21.1233139Z > Task :app:createDebugApkListingFileRedirect
2026-09-27T15:34:21.1234652Z > Task :app:assembleDebug
2026-09-27T15:34:53.7251446Z > Task :llama.rn:bundleDebugAar FAILED
2026-09-27T15:34:53.8232777Z 
2026-09-27T15:34:53.8248820Z 
2026-09-27T15:34:53.8249943Z FAILURE: Build failed with an exception.
2026-09-27T15:34:53.8268739Z 
2026-09-27T15:34:53.8270083Z [Incubating] Problems report is available at: file:///home/runner/work/NIDO/NIDO/android/build/reports/problems/problems-report.html
2026-09-27T15:34:53.8271453Z * What went wrong:
2026-09-27T15:34:53.8289427Z Execution failed for task ':llama.rn:bundleDebugAar'.
2026-09-27T15:34:53.8308918Z 
2026-09-27T15:34:53.8312186Z > Could not add file '/home/runner/work/NIDO/NIDO/node_modules/llama.rn/android/build/intermediates/library_and_local_jars_jni/debug/copyDebugJniLibsProjectAndLocalJars/jni/arm64-v8a/librnllama_v8_2_i8mm.so' to ZIP '/home/runner/work/NIDO/NIDO/node_modules/llama.rn/android/build/outputs/aar/llama.rn-debug.aar'.
2026-09-27T15:34:53.8321576Z Deprecated Gradle features were used in this build, making it incompatible with Gradle 10.
2026-09-27T15:34:53.8334363Z 
2026-09-27T15:34:53.8338729Z 
2026-09-27T15:34:53.8350175Z * Try:
2026-09-27T15:34:53.8355888Z You can use '--warning-mode all' to show the individual deprecation warnings and determine if they come from your own scripts or plugins.
2026-09-27T15:34:53.8390425Z > Run with --info or --debug option to get more log output.
2026-09-27T15:34:53.8390883Z 
2026-09-27T15:34:53.8399913Z > Run with --scan to get full insights from a Build Scan (powered by Develocity).
2026-09-27T15:34:53.8402169Z For more on this, please refer to https://docs.gradle.org/9.3.1/userguide/command_line_interface.html#sec:command_line_warnings in the Gradle documentation.
2026-09-27T15:34:53.8409460Z > Get more help at https://help.gradle.org.
2026-09-27T15:34:53.8419298Z 696 actionable tasks: 696 executed
2026-09-27T15:34:53.8428789Z 
2026-09-27T15:34:53.8448912Z * Exception is:
2026-09-27T15:34:53.8450470Z org.gradle.api.tasks.TaskExecutionException: Execution failed for task ':llama.rn:bundleDebugAar'.
2026-09-27T15:34:53.8470292Z 	at org.gradle.api.internal.tasks.execution.ExecuteActionsTaskExecuter.lambda$executeIfValid$1(ExecuteActionsTaskExecuter.java:135)
2026-09-27T15:34:53.8489470Z 	at org.gradle.internal.Try$Failure.ifSuccessfulOrElse(Try.java:288)
2026-09-27T15:34:53.8510132Z 	at org.gradle.api.internal.tasks.execution.ExecuteActionsTaskExecuter.executeIfValid(ExecuteActionsTaskExecuter.java:133)
2026-09-27T15:34:53.8551022Z 	at org.gradle.api.internal.tasks.execution.ExecuteActionsTaskExecuter.execute(ExecuteActionsTaskExecuter.java:121)
2026-09-27T15:34:53.8553510Z 	at org.gradle.api.internal.tasks.execution.ProblemsTaskPathTrackingTaskExecuter.execute(ProblemsTaskPathTrackingTaskExecuter.java:41)
2026-09-27T15:34:53.8555770Z 	at org.gradle.api.internal.tasks.execution.FinalizePropertiesTaskExecuter.execute(FinalizePropertiesTaskExecuter.java:46)
2026-09-27T15:34:53.8557996Z 	at org.gradle.api.internal.tasks.execution.ResolveTaskExecutionModeExecuter.execute(ResolveTaskExecutionModeExecuter.java:51)
2026-09-27T15:34:53.8560478Z 	at org.gradle.api.internal.tasks.execution.SkipTaskWithNoActionsExecuter.execute(SkipTaskWithNoActionsExecuter.java:57)
2026-09-27T15:34:53.8562549Z 	at org.gradle.api.internal.tasks.execution.SkipOnlyIfTaskExecuter.execute(SkipOnlyIfTaskExecuter.java:74)
2026-09-27T15:34:53.8564585Z 	at org.gradle.api.internal.tasks.execution.CatchExceptionTaskExecuter.execute(CatchExceptionTaskExecuter.java:36)
2026-09-27T15:34:53.8566628Z 	at org.gradle.api.internal.tasks.execution.EventFiringTaskExecuter$1.executeTask(EventFiringTaskExecuter.java:77)
2026-09-27T15:34:53.8569236Z 	at org.gradle.api.internal.tasks.execution.EventFiringTaskExecuter$1.call(EventFiringTaskExecuter.java:55)
2026-09-27T15:34:53.8571145Z 	at org.gradle.api.internal.tasks.execution.EventFiringTaskExecuter$1.call(EventFiringTaskExecuter.java:52)
2026-09-27T15:34:53.8573338Z 	at org.gradle.internal.operations.DefaultBuildOperationRunner$CallableBuildOperationWorker.execute(DefaultBuildOperationRunner.java:209)
2026-09-27T15:34:53.8575792Z 	at org.gradle.internal.operations.DefaultBuildOperationRunner$CallableBuildOperationWorker.execute(DefaultBuildOperationRunner.java:204)
2026-09-27T15:34:53.8577927Z 	at org.gradle.internal.operations.DefaultBuildOperationRunner$2.execute(DefaultBuildOperationRunner.java:66)
2026-09-27T15:34:53.8579993Z 	at org.gradle.internal.operations.DefaultBuildOperationRunner$2.execute(DefaultBuildOperationRunner.java:59)
2026-09-27T15:34:53.8581702Z 	at org.gradle.internal.operations.DefaultBuildOperationRunner.execute(DefaultBuildOperationRunner.java:166)
2026-09-27T15:34:53.8583475Z 	at org.gradle.internal.operations.DefaultBuildOperationRunner.execute(DefaultBuildOperationRunner.java:59)
2026-09-27T15:34:53.8585450Z 	at org.gradle.internal.operations.DefaultBuildOperationRunner.call(DefaultBuildOperationRunner.java:53)
2026-09-27T15:34:53.8587093Z 	at org.gradle.api.internal.tasks.execution.EventFiringTaskExecuter.execute(EventFiringTaskExecuter.java:52)
2026-09-27T15:34:53.8609263Z 	at org.gradle.execution.plan.DefaultNodeExecutor.executeLocalTaskNode(DefaultNodeExecutor.java:55)
2026-09-27T15:34:53.8610973Z 	at org.gradle.execution.plan.DefaultNodeExecutor.execute(DefaultNodeExecutor.java:34)
2026-09-27T15:34:53.8629786Z 	at org.gradle.execution.taskgraph.DefaultTaskExecutionGraph$InvokeNodeExecutorsAction.execute(DefaultTaskExecutionGraph.java:355)
2026-09-27T15:34:53.8632068Z 	at org.gradle.execution.taskgraph.DefaultTaskExecutionGraph$InvokeNodeExecutorsAction.execute(DefaultTaskExecutionGraph.java:343)
2026-09-27T15:34:53.8634558Z 	at org.gradle.execution.taskgraph.DefaultTaskExecutionGraph$BuildOperationAwareExecutionAction.lambda$execute$0(DefaultTaskExecutionGraph.java:339)
2026-09-27T15:34:53.8636945Z 	at org.gradle.internal.operations.CurrentBuildOperationRef.with(CurrentBuildOperationRef.java:84)
2026-09-27T15:34:53.8639266Z 	at org.gradle.execution.taskgraph.DefaultTaskExecutionGraph$BuildOperationAwareExecutionAction.execute(DefaultTaskExecutionGraph.java:339)
2026-09-27T15:34:53.8641721Z 	at org.gradle.execution.taskgraph.DefaultTaskExecutionGraph$BuildOperationAwareExecutionAction.execute(DefaultTaskExecutionGraph.java:328)
2026-09-27T15:34:53.8643759Z 	at org.gradle.execution.plan.DefaultPlanExecutor$ExecutorWorker.execute(DefaultPlanExecutor.java:459)
2026-09-27T15:34:53.8645454Z 	at org.gradle.execution.plan.DefaultPlanExecutor$ExecutorWorker.run(DefaultPlanExecutor.java:376)
2026-09-27T15:34:53.8647412Z 	at org.gradle.internal.concurrent.ExecutorPolicy$CatchAndRecordFailures.onExecute(ExecutorPolicy.java:64)
2026-09-27T15:34:53.8699510Z 	at org.gradle.internal.concurrent.AbstractManagedExecutor$1.run(AbstractManagedExecutor.java:47)
2026-09-27T15:34:53.8703755Z Caused by: org.gradle.api.GradleException: Could not add file '/home/runner/work/NIDO/NIDO/node_modules/llama.rn/android/build/intermediates/library_and_local_jars_jni/debug/copyDebugJniLibsProjectAndLocalJars/jni/arm64-v8a/librnllama_v8_2_i8mm.so' to ZIP '/home/runner/work/NIDO/NIDO/node_modules/llama.rn/android/build/outputs/aar/llama.rn-debug.aar'.
2026-09-27T15:34:53.8706238Z 	at org.gradle.api.internal.file.archive.ZipCopyAction$StreamAction.visitFile(ZipCopyAction.java:108)
2026-09-27T15:34:53.8707197Z 	at org.gradle.api.internal.file.archive.ZipCopyAction$StreamAction.processFile(ZipCopyAction.java:95)
2026-09-27T15:34:53.8708311Z 	at org.gradle.api.internal.file.copy.NormalizingCopyActionDecorator.lambda$execute$0(NormalizingCopyActionDecorator.java:72)
2026-09-27T15:34:53.8709905Z 	at org.gradle.api.internal.file.copy.DuplicateHandlingCopyActionDecorator.lambda$execute$0(DuplicateHandlingCopyActionDecorator.java:70)
2026-09-27T15:34:53.8711010Z 	at org.gradle.api.internal.file.copy.CopyFileVisitorImpl.processFile(CopyFileVisitorImpl.java:68)
2026-09-27T15:34:53.8711912Z 	at org.gradle.api.internal.file.copy.CopyFileVisitorImpl.visitFile(CopyFileVisitorImpl.java:52)
2026-09-27T15:34:53.8712744Z 	at org.gradle.api.internal.file.collections.PathVisitor.visitFile(PathVisitor.java:88)
2026-09-27T15:34:53.8713730Z 	at org.gradle.api.internal.file.collections.ReproducibleDirectoryWalker.visit(ReproducibleDirectoryWalker.java:83)
2026-09-27T15:34:53.8714841Z 	at org.gradle.api.internal.file.collections.ReproducibleDirectoryWalker.visit(ReproducibleDirectoryWalker.java:73)
2026-09-27T15:34:53.8715949Z 	at org.gradle.api.internal.file.collections.ReproducibleDirectoryWalker.visit(ReproducibleDirectoryWalker.java:73)
2026-09-27T15:34:53.8717061Z 	at org.gradle.api.internal.file.collections.ReproducibleDirectoryWalker.walkDir(ReproducibleDirectoryWalker.java:51)
2026-09-27T15:34:53.8718063Z 	at org.gradle.api.internal.file.collections.DirectoryFileTree.walkDir(DirectoryFileTree.java:150)
2026-09-27T15:34:53.8739927Z 	at org.gradle.api.internal.file.collections.DirectoryFileTree.visitFrom(DirectoryFileTree.java:128)
2026-09-27T15:34:53.8741564Z 	at org.gradle.api.internal.file.collections.DirectoryFileTree.visit(DirectoryFileTree.java:114)
2026-09-27T15:34:53.8743261Z 	at org.gradle.api.internal.file.collections.FileTreeAdapter.visit(FileTreeAdapter.java:110)
2026-09-27T15:34:53.8744819Z 	at org.gradle.api.internal.file.CompositeFileTree.visit(CompositeFileTree.java:108)
2026-09-27T15:34:53.8746259Z 	at org.gradle.api.internal.file.copy.CopySpecActionImpl.execute(CopySpecActionImpl.java:43)
2026-09-27T15:34:53.8747761Z 	at org.gradle.api.internal.file.copy.CopySpecActionImpl.execute(CopySpecActionImpl.java:25)
2026-09-27T15:34:53.8749657Z 	at org.gradle.api.internal.file.copy.DefaultCopySpec$DefaultCopySpecResolver.walk(DefaultCopySpec.java:808)
2026-09-27T15:34:53.8751372Z 	at org.gradle.api.internal.file.copy.DefaultCopySpec$DefaultCopySpecResolver.walk(DefaultCopySpec.java:810)
2026-09-27T15:34:53.8753384Z 	at org.gradle.api.internal.file.copy.DefaultCopySpec$DefaultCopySpecResolver.walk(DefaultCopySpec.java:810)
2026-09-27T15:34:53.8754865Z 	at org.gradle.api.internal.file.copy.DefaultCopySpec.walk(DefaultCopySpec.java:543)
2026-09-27T15:34:53.8756782Z 	at org.gradle.api.internal.file.copy.CopySpecBackedCopyActionProcessingStream.process(CopySpecBackedCopyActionProcessingStream.java:42)
2026-09-27T15:34:53.8779455Z 	at org.gradle.api.internal.file.copy.DuplicateHandlingCopyActionDecorator.lambda$execute$1(DuplicateHandlingCopyActionDecorator.java:50)
2026-09-27T15:34:53.8781725Z 	at org.gradle.api.internal.file.copy.NormalizingCopyActionDecorator.lambda$execute$1(NormalizingCopyActionDecorator.java:64)
2026-09-27T15:34:53.8783849Z 	at org.gradle.api.internal.file.archive.ZipCopyAction.lambda$execute$0(ZipCopyAction.java:64)
2026-09-27T15:34:53.8785060Z 	at org.gradle.internal.IoActions.withResource(IoActions.java:78)
2026-09-27T15:34:53.8786263Z 	at org.gradle.api.internal.file.archive.ZipCopyAction.execute(ZipCopyAction.java:63)
2026-09-27T15:34:53.8787951Z 	at org.gradle.api.internal.file.copy.NormalizingCopyActionDecorator.execute(NormalizingCopyActionDecorator.java:63)
2026-09-27T15:34:53.8790212Z 	at org.gradle.api.internal.file.copy.DuplicateHandlingCopyActionDecorator.execute(DuplicateHandlingCopyActionDecorator.java:50)
2026-09-27T15:34:53.8791986Z 	at org.gradle.api.internal.file.copy.CopyActionExecuter.execute(CopyActionExecuter.java:48)
2026-09-27T15:34:53.8793248Z 	at org.gradle.api.tasks.AbstractCopyTask.copy(AbstractCopyTask.java:146)
2026-09-27T15:34:53.8794336Z 	at org.gradle.internal.reflect.JavaMethod.invoke(JavaMethod.java:125)
2026-09-27T15:34:53.8795780Z 	at org.gradle.api.internal.project.taskfactory.StandardTaskAction.doExecute(StandardTaskAction.java:58)
2026-09-27T15:34:53.8797467Z 	at org.gradle.api.internal.project.taskfactory.StandardTaskAction.execute(StandardTaskAction.java:51)
2026-09-27T15:34:53.8819456Z 	at org.gradle.api.internal.project.taskfactory.StandardTaskAction.execute(StandardTaskAction.java:29)
2026-09-27T15:34:53.8821006Z 	at org.gradle.api.internal.tasks.execution.TaskExecution$3.run(TaskExecution.java:259)
2026-09-27T15:34:53.8822612Z 	at org.gradle.internal.operations.DefaultBuildOperationRunner$1.execute(DefaultBuildOperationRunner.java:29)
2026-09-27T15:34:53.8824425Z 	at org.gradle.internal.operations.DefaultBuildOperationRunner$1.execute(DefaultBuildOperationRunner.java:26)
2026-09-27T15:34:53.8826214Z 	at org.gradle.internal.operations.DefaultBuildOperationRunner$2.execute(DefaultBuildOperationRunner.java:66)
2026-09-27T15:34:53.8827985Z 	at org.gradle.internal.operations.DefaultBuildOperationRunner$2.execute(DefaultBuildOperationRunner.java:59)
2026-09-27T15:34:53.8829945Z 	at org.gradle.internal.operations.DefaultBuildOperationRunner.execute(DefaultBuildOperationRunner.java:166)
2026-09-27T15:34:53.8831737Z 	at org.gradle.internal.operations.DefaultBuildOperationRunner.execute(DefaultBuildOperationRunner.java:59)
2026-09-27T15:34:53.8833521Z 	at org.gradle.internal.operations.DefaultBuildOperationRunner.run(DefaultBuildOperationRunner.java:47)
2026-09-27T15:34:53.8835224Z 	at org.gradle.api.internal.tasks.execution.TaskExecution.executeAction(TaskExecution.java:244)
2026-09-27T15:34:53.8836850Z 	at org.gradle.api.internal.tasks.execution.TaskExecution.executeActions(TaskExecution.java:227)
2026-09-27T15:34:53.8858958Z 	at org.gradle.api.internal.tasks.execution.TaskExecution.executeWithPreviousOutputFiles(TaskExecution.java:210)
2026-09-27T15:34:53.8860066Z 	at org.gradle.api.internal.tasks.execution.TaskExecution.execute(TaskExecution.java:176)
2026-09-27T15:34:53.8860930Z 	at org.gradle.internal.execution.steps.ExecuteStep.executeInternal(ExecuteStep.java:110)
2026-09-27T15:34:53.8862260Z 	at org.gradle.internal.execution.steps.ExecuteStep.access$000(ExecuteStep.java:47)
2026-09-27T15:34:53.8863351Z 	at org.gradle.internal.execution.steps.ExecuteStep$1.call(ExecuteStep.java:64)
2026-09-27T15:34:53.8864305Z 	at org.gradle.internal.execution.steps.ExecuteStep$1.call(ExecuteStep.java:61)
2026-09-27T15:34:53.8865365Z 	at org.gradle.internal.operations.DefaultBuildOperationRunner$CallableBuildOperationWorker.execute(DefaultBuildOperationRunner.java:209)
2026-09-27T15:34:53.8866694Z 	at org.gradle.internal.operations.DefaultBuildOperationRunner$CallableBuildOperationWorker.execute(DefaultBuildOperationRunner.java:204)
2026-09-27T15:34:53.8868183Z 	at org.gradle.internal.operations.DefaultBuildOperationRunner$2.execute(DefaultBuildOperationRunner.java:66)
2026-09-27T15:34:53.8869610Z 	at org.gradle.internal.operations.DefaultBuildOperationRunner$2.execute(DefaultBuildOperationRunner.java:59)
2026-09-27T15:34:53.8870630Z 	at org.gradle.internal.operations.DefaultBuildOperationRunner.execute(DefaultBuildOperationRunner.java:166)
2026-09-27T15:34:53.8872274Z 	at org.gradle.internal.operations.DefaultBuildOperationRunner.execute(DefaultBuildOperationRunner.java:59)
2026-09-27T15:34:53.8873750Z 	at org.gradle.internal.operations.DefaultBuildOperationRunner.call(DefaultBuildOperationRunner.java:53)
2026-09-27T15:34:53.8874608Z 	at org.gradle.internal.execution.steps.ExecuteStep.execute(ExecuteStep.java:61)
2026-09-27T15:34:53.8875605Z 	at org.gradle.internal.execution.steps.ExecuteStep.execute(ExecuteStep.java:47)
2026-09-27T15:34:53.8876949Z 	at org.gradle.internal.execution.steps.CancelExecutionStep.execute(CancelExecutionStep.java:42)
2026-09-27T15:34:53.8878123Z 	at org.gradle.internal.execution.steps.TimeoutStep.executeWithoutTimeout(TimeoutStep.java:75)
2026-09-27T15:34:53.8880050Z 	at org.gradle.internal.execution.steps.TimeoutStep.execute(TimeoutStep.java:55)
2026-09-27T15:34:53.8882111Z 	at org.gradle.internal.execution.steps.PreCreateOutputParentsStep.execute(PreCreateOutputParentsStep.java:51)
2026-09-27T15:34:53.8884184Z 	at org.gradle.internal.execution.steps.PreCreateOutputParentsStep.execute(PreCreateOutputParentsStep.java:29)
2026-09-27T15:34:53.8886253Z 	at org.gradle.internal.execution.steps.RemovePreviousOutputsStep.executeMutable(RemovePreviousOutputsStep.java:70)
2026-09-27T15:34:53.8888558Z 	at org.gradle.internal.execution.steps.RemovePreviousOutputsStep.executeMutable(RemovePreviousOutputsStep.java:40)
2026-09-27T15:34:53.8890251Z 	at org.gradle.internal.execution.steps.MutableStep.execute(MutableStep.java:25)
2026-09-27T15:34:53.8892004Z 	at org.gradle.internal.execution.steps.BroadcastChangingOutputsStep.execute(BroadcastChangingOutputsStep.java:62)
2026-09-27T15:34:53.8894023Z 	at org.gradle.internal.execution.steps.BroadcastChangingOutputsStep.execute(BroadcastChangingOutputsStep.java:27)
2026-09-27T15:34:53.8896150Z 	at org.gradle.internal.execution.steps.CaptureOutputsAfterExecutionStep.execute(CaptureOutputsAfterExecutionStep.java:69)
2026-09-27T15:34:53.8898543Z 	at org.gradle.internal.execution.steps.CaptureOutputsAfterExecutionStep.execute(CaptureOutputsAfterExecutionStep.java:46)
2026-09-27T15:34:53.8900657Z 	at org.gradle.internal.execution.steps.ResolveInputChangesStep.executeMutable(ResolveInputChangesStep.java:39)
2026-09-27T15:34:53.8902703Z 	at org.gradle.internal.execution.steps.ResolveInputChangesStep.executeMutable(ResolveInputChangesStep.java:28)
2026-09-27T15:34:53.8904347Z 	at org.gradle.internal.execution.steps.MutableStep.execute(MutableStep.java:25)
2026-09-27T15:34:53.8905902Z 	at org.gradle.internal.execution.steps.BuildCacheStep.executeWithoutCache(BuildCacheStep.java:192)
2026-09-27T15:34:53.8907477Z 	at org.gradle.internal.execution.steps.BuildCacheStep.lambda$execute$1(BuildCacheStep.java:76)
2026-09-27T15:34:53.8908910Z 	at org.gradle.internal.Either$Right.fold(Either.java:176)
2026-09-27T15:34:53.8910043Z 	at org.gradle.internal.execution.caching.CachingState.fold(CachingState.java:62)
2026-09-27T15:34:53.8911496Z 	at org.gradle.internal.execution.steps.BuildCacheStep.execute(BuildCacheStep.java:74)
2026-09-27T15:34:53.8912941Z 	at org.gradle.internal.execution.steps.BuildCacheStep.execute(BuildCacheStep.java:49)
2026-09-27T15:34:53.8914619Z 	at org.gradle.internal.execution.steps.StoreExecutionStateStep.execute(StoreExecutionStateStep.java:46)
2026-09-27T15:34:53.8938722Z 	at org.gradle.internal.execution.steps.StoreExecutionStateStep.execute(StoreExecutionStateStep.java:35)
2026-09-27T15:34:53.8940606Z 	at org.gradle.internal.execution.steps.SkipUpToDateStep.executeBecause(SkipUpToDateStep.java:75)
2026-09-27T15:34:53.8942306Z 	at org.gradle.internal.execution.steps.SkipUpToDateStep.lambda$execute$2(SkipUpToDateStep.java:53)
2026-09-27T15:34:53.8943933Z 	at org.gradle.internal.execution.steps.SkipUpToDateStep.execute(SkipUpToDateStep.java:53)
2026-09-27T15:34:53.8945495Z 	at org.gradle.internal.execution.steps.SkipUpToDateStep.execute(SkipUpToDateStep.java:35)
2026-09-27T15:34:53.8947574Z 	at org.gradle.internal.execution.steps.legacy.MarkSnapshottingInputsFinishedStep.execute(MarkSnapshottingInputsFinishedStep.java:37)
2026-09-27T15:34:53.8950754Z 	at org.gradle.internal.execution.steps.legacy.MarkSnapshottingInputsFinishedStep.execute(MarkSnapshottingInputsFinishedStep.java:27)
2026-09-27T15:34:53.8953123Z 	at org.gradle.internal.execution.steps.ResolveIncrementalCachingStateStep.executeDelegate(ResolveIncrementalCachingStateStep.java:49)
2026-09-27T15:34:53.8955633Z 	at org.gradle.internal.execution.steps.ResolveIncrementalCachingStateStep.executeDelegate(ResolveIncrementalCachingStateStep.java:27)
2026-09-27T15:34:53.8958005Z 	at org.gradle.internal.execution.steps.AbstractResolveCachingStateStep.execute(AbstractResolveCachingStateStep.java:71)
2026-09-27T15:34:53.8960444Z 	at org.gradle.internal.execution.steps.AbstractResolveCachingStateStep.execute(AbstractResolveCachingStateStep.java:39)
2026-09-27T15:34:53.8962609Z 	at org.gradle.internal.execution.steps.ResolveChangesStep.executeMutable(ResolveChangesStep.java:63)
2026-09-27T15:34:53.8964426Z 	at org.gradle.internal.execution.steps.ResolveChangesStep.executeMutable(ResolveChangesStep.java:34)
2026-09-27T15:34:53.8965999Z 	at org.gradle.internal.execution.steps.MutableStep.execute(MutableStep.java:25)
2026-09-27T15:34:53.8967418Z 	at org.gradle.internal.execution.steps.ValidateStep.execute(ValidateStep.java:64)
2026-09-27T15:34:53.8969068Z 	at org.gradle.internal.execution.steps.ValidateStep.execute(ValidateStep.java:42)
2026-09-27T15:34:53.8971127Z 	at org.gradle.internal.execution.steps.AbstractCaptureStateBeforeExecutionStep.execute(AbstractCaptureStateBeforeExecutionStep.java:77)
2026-09-27T15:34:53.8973988Z 	at org.gradle.internal.execution.steps.AbstractCaptureStateBeforeExecutionStep.execute(AbstractCaptureStateBeforeExecutionStep.java:46)
2026-09-27T15:34:53.8976655Z 	at org.gradle.internal.execution.steps.AbstractSkipEmptyWorkStep.executeWithNonEmptySources(AbstractSkipEmptyWorkStep.java:133)
2026-09-27T15:34:53.8980032Z 	at org.gradle.internal.execution.steps.AbstractSkipEmptyWorkStep.execute(AbstractSkipEmptyWorkStep.java:64)
2026-09-27T15:34:53.8982482Z 	at org.gradle.internal.execution.steps.AbstractSkipEmptyWorkStep.execute(AbstractSkipEmptyWorkStep.java:36)
2026-09-27T15:34:53.8984788Z 	at org.gradle.internal.execution.steps.legacy.MarkSnapshottingInputsStartedStep.execute(MarkSnapshottingInputsStartedStep.java:38)
2026-09-27T15:34:53.8987046Z 	at org.gradle.internal.execution.steps.LoadPreviousExecutionStateStep.execute(LoadPreviousExecutionStateStep.java:36)
2026-09-27T15:34:53.8989419Z 	at org.gradle.internal.execution.steps.LoadPreviousExecutionStateStep.execute(LoadPreviousExecutionStateStep.java:23)
2026-09-27T15:34:53.8991460Z 	at org.gradle.internal.execution.steps.HandleStaleOutputsStep.executeMutable(HandleStaleOutputsStep.java:77)
2026-09-27T15:34:53.8993572Z 	at org.gradle.internal.execution.steps.HandleStaleOutputsStep.executeMutable(HandleStaleOutputsStep.java:43)
2026-09-27T15:34:53.8995225Z 	at org.gradle.internal.execution.steps.MutableStep.execute(MutableStep.java:25)
2026-09-27T15:34:53.8997091Z 	at org.gradle.internal.execution.steps.AssignMutableWorkspaceStep.lambda$execute$0(AssignMutableWorkspaceStep.java:35)
2026-09-27T15:34:53.9010116Z 	at org.gradle.api.internal.tasks.execution.TaskExecution$4.withWorkspace(TaskExecution.java:305)
2026-09-27T15:34:53.9012299Z 	at org.gradle.internal.execution.steps.AssignMutableWorkspaceStep.execute(AssignMutableWorkspaceStep.java:31)
2026-09-27T15:34:53.9014301Z 	at org.gradle.internal.execution.steps.AssignMutableWorkspaceStep.execute(AssignMutableWorkspaceStep.java:22)
2026-09-27T15:34:53.9016096Z 	at org.gradle.internal.execution.steps.ChoosePipelineStep.execute(ChoosePipelineStep.java:40)
2026-09-27T15:34:53.9017710Z 	at org.gradle.internal.execution.steps.ChoosePipelineStep.execute(ChoosePipelineStep.java:23)
2026-09-27T15:34:53.9020463Z 	at org.gradle.internal.execution.steps.ExecuteWorkBuildOperationFiringStep.lambda$execute$2(ExecuteWorkBuildOperationFiringStep.java:67)
2026-09-27T15:34:53.9022969Z 	at org.gradle.internal.execution.steps.ExecuteWorkBuildOperationFiringStep.execute(ExecuteWorkBuildOperationFiringStep.java:67)
2026-09-27T15:34:53.9025670Z 	at org.gradle.internal.execution.steps.ExecuteWorkBuildOperationFiringStep.execute(ExecuteWorkBuildOperationFiringStep.java:39)
2026-09-27T15:34:53.9027635Z 	at org.gradle.internal.execution.steps.IdentityCacheStep.execute(IdentityCacheStep.java:46)
2026-09-27T15:34:53.9029453Z 	at org.gradle.internal.execution.steps.IdentityCacheStep.execute(IdentityCacheStep.java:34)
2026-09-27T15:34:53.9030972Z 	at org.gradle.internal.execution.steps.IdentifyStep.execute(IdentifyStep.java:44)
2026-09-27T15:34:53.9032363Z 	at org.gradle.internal.execution.steps.IdentifyStep.execute(IdentifyStep.java:31)
2026-09-27T15:34:53.9033948Z 	at org.gradle.internal.execution.impl.DefaultExecutionEngine$1.execute(DefaultExecutionEngine.java:68)
2026-09-27T15:34:53.9035970Z 	at org.gradle.api.internal.tasks.execution.ExecuteActionsTaskExecuter.executeIfValid(ExecuteActionsTaskExecuter.java:132)
2026-09-27T15:34:53.9037185Z 	... 30 more
2026-09-27T15:34:53.9038237Z Caused by: java.io.UncheckedIOException: java.io.IOException: No space left on device
2026-09-27T15:34:53.9040072Z 	at org.gradle.internal.UncheckedException.throwAsUncheckedException(UncheckedException.java:63)
2026-09-27T15:34:53.9041796Z 	at org.gradle.internal.UncheckedException.throwAsUncheckedException(UncheckedException.java:42)
2026-09-27T15:34:53.9043485Z 	at org.gradle.api.internal.file.AbstractFileTreeElement.copyTo(AbstractFileTreeElement.java:71)
2026-09-27T15:34:53.9045225Z 	at org.gradle.api.internal.file.copy.DefaultFileCopyDetails.copyTo(DefaultFileCopyDetails.java:133)
2026-09-27T15:34:53.9046962Z 	at org.gradle.api.internal.file.archive.ZipCopyAction$StreamAction.visitFile(ZipCopyAction.java:105)
2026-09-27T15:34:53.9047902Z 	... 154 more
2026-09-27T15:34:53.9048908Z Caused by: java.io.IOException: No space left on device
2026-09-27T15:34:53.9050379Z 	at org.apache.commons.compress.archivers.zip.ZipIoUtil.writeFully(ZipIoUtil.java:42)
2026-09-27T15:34:53.9052257Z 	at org.apache.commons.compress.archivers.zip.FileRandomAccessOutputStream.write(FileRandomAccessOutputStream.java:65)
2026-09-27T15:34:53.9054351Z 	at org.apache.commons.compress.archivers.zip.StreamCompressor$OutputStreamCompressor.writeOut(StreamCompressor.java:64)
2026-09-27T15:34:53.9056341Z 	at org.apache.commons.compress.archivers.zip.StreamCompressor.writeCounted(StreamCompressor.java:305)
2026-09-27T15:34:53.9063238Z 	at org.apache.commons.compress.archivers.zip.StreamCompressor.deflate(StreamCompressor.java:197)
2026-09-27T15:34:53.9065201Z 	at org.apache.commons.compress.archivers.zip.StreamCompressor.deflateUntilInputIsNeeded(StreamCompressor.java:223)
2026-09-27T15:34:53.9067179Z 	at org.apache.commons.compress.archivers.zip.StreamCompressor.writeDeflated(StreamCompressor.java:314)
2026-09-27T15:34:53.9069484Z 	at org.apache.commons.compress.archivers.zip.StreamCompressor.write(StreamCompressor.java:292)
2026-09-27T15:34:53.9071347Z 	at org.apache.commons.compress.archivers.zip.ZipArchiveOutputStream.write(ZipArchiveOutputStream.java:1569)
2026-09-27T15:34:53.9072819Z 	at org.apache.commons.io.IOUtils.copyLarge(IOUtils.java:1488)
2026-09-27T15:34:53.9073821Z 	at org.apache.commons.io.IOUtils.copy(IOUtils.java:1107)
2026-09-27T15:34:53.9075069Z 	at org.apache.commons.io.IOUtils.copyLarge(IOUtils.java:1460)
2026-09-27T15:34:53.9076459Z 	at org.gradle.api.internal.file.AbstractFileTreeElement.copyTo(AbstractFileTreeElement.java:66)
2026-09-27T15:34:53.9077410Z 	... 156 more
2026-09-27T15:34:53.9077628Z 
2026-09-27T15:34:53.9077644Z 
2026-09-27T15:34:53.9077926Z BUILD FAILED in 1h 24m 44s
2026-09-27T15:34:54.7996073Z ##[error]Process completed with exit code 1.
